id,type,text1,text2,text3,text4,notes,,,
# Types: WEAPON,SHIP,RESOURCE,CUSTOM,ACTION_TOOLTIP,ASTEROID,PLANET,SHIP_SYSTEM,FACTION,TERRAIN
#astral,SHIP,Text goes here,,,,,,,
#supplies,RESOURCE,"Assorted supplies required by ships and crew, ranging from rations and uniforms to munitions, spare parts, microfab feedstock, and prefab components.",,,,,,,
#drone_station_lt,SHIP_SYSTEM,A ring of defense drones around the station.,,A ring of defense drones around the stattion.,,,,,
#barren-bombarded,PLANET,"A lifeless rocky world, the battered surface tells an aeons-long story of intermittent meteor bombardment. What atmosphere there is clings to the scarred crust in near-vacuum. There is no significant magnetic field or tectonic activity. Deep regolith prevails, crossed by lava channels and spotted by ancient lava seas formed by especially large impacts.",,"The mottled curve of the planet turns below you. The lighter regolith is pocked with ancient impact craters, the darker lava seas less densely marked but riven nonetheless by evidence of their own cataclysmic creation.",,,,,
#luddic_church,FACTION,"Inspired by the martyrdom of a figure known as 'Ludd' during the fall of the Domain, the Church of Galactic Redemption is a hierarchical church with highly syncretic dogma formed from a core of Abrahamic texts and apocrypha along with Domain-era reaction against perceived corruption, depravity, hedonism, and transhuman abomination. The Church offers a vision of life lived more simply, of agrarian virtue and humanistic values and prayer against the violence and technological alienation that's torn the Sector apart in the years since the Fall.",,,,,,,
#slipstream,TERRAIN,"A flow in hyperspace, akin to currents navigated by ancient seafarers back on Old Earth.",,,,,,,
,,,,,,,,,
,,,,,,,,,
#id,#type,#text1,text2,text3,text4,notes,,,
civilian,RESOURCE,"These are the backbone of society. Without civilians, specially trained crew, officers, and scientists cannot be created. Civilians operate society and are the lifeblood of an empire, even if they go wholly unsung. ",,,,,,,
cadets,RESOURCE,"A small portion of civilians decide to do something different with their life, becoming the elite of society. Through hard work, dedication, exceptional talent, and a different mind, certain people society go on to become cadets, entering into the esteemed Starfleet Academy. From here, cadets go on to find a discipline, become officers of Starfleet and serving aboard ships or stations.",,,,,,,
starfleetOfficer,RESOURCE,Not all cadets graduate to be Starfleet officers. Attending the Academy is something that is rather grueling even amongst the best. Only the best of the best can attend the academy. And only the best of the best ever graduate. Starfleet Officers are the lifeblood of Starfleet and its plethora of vessels. ,,,,,,,
scientist,RESOURCE,"Not all civilians subscribe to the idea of serving in Starfleet. Going misisng in an anamoly isn't appealing to everyone. Some brilliant minds choose univerity instead, gaining a discipline that way. Still, even researchers and scientists with too great ideas still manage to go missing in anamolies. Nothing like creating a miniature blackhole in a small station on the outskirts of a Federation space to really make a person realize forgoing Starfleet didn't matter anyway.",,,,,,,
dilithium_ore,RESOURCE,"Dilithium ore is mined from planets in order to be refined into the useful component, dilithium. ",,,,,,,
dilithium,RESOURCE,Dilithium is a huge resource to allow for warp travel for ships with warp cores. It is used to help with the matter-antimatter power production. It's created by dilithium ore. ,,,,,,,
,,,,,,,,,
ufp,FACTION,"The United Federation of Planets is a technologically advanced, multi-world polity built on cooperation, scientific progress, and collective defense. Governed by civilian institutions and protected by Starfleet, the Federation emphasizes exploration, research, and stability over conquest.
Earth is the political and cultural heart of the Federation and its most heavily defended system, protected by layered orbital defenses and elite Starfleet forces. Federation space produces unique population and research?focused commodities—Civilians, Cadets, Starfleet Officers, Researchers—alongside strategically vital Dilithium Ore and refined Dilithium. Starfleet doctrine favors beam weapon focused ships designed for sustained, precise combat and coordinated fleet operations.",,,,,,,
,,,,,,,,,
mercury,PLANET,"A scorched, airless terrestrial world locked in extreme temperature cycles. Mercury’s surface is dominated by vast crater fields and exposed mineral seams, making it valuable for extraction despite the harsh environment. Habitation is limited to shielded installations and automated facilities.",,,,,,,
venus,PLANET,"A dense, hostile terrestrial world shrouded in thick clouds and crushing atmospheric pressure. Superheated surface temperatures and corrosive conditions render Venus uninhabitable, though its atmosphere and gravity well support orbital infrastructure and limited high-altitude operations.",,,,,,,
earth,PLANET,"A lush terran-type world, Earth features stable climates, vast oceans, and diverse biospheres carefully preserved alongside dense urban centers. As the founding homeworld of the United Federation of Planets, it serves as a political, cultural, and scientific nexus for the Federation. Rather than focusing on heavy industry, Earth emphasizes governance, diplomacy, education, and research, reflecting Federation ideals of cooperation, exploration, and shared prosperity among its member worlds.",,,,,,,
moon_terraforming,PLANET,"A developing moon carefully guided through terraforming by the United Federation of Planets. Atmospheric processors, orbital regulators, and biosphere seeding arrays are actively reshaping the surface toward long-term habitability. While still inhospitable without support, the moon hosts Federation engineers, scientists, and planners, representing a deliberate, ethical expansion driven by sustainability, cooperation, and respect for future life.",,"A once-barren satellite undergoing extensive atmospheric and ecological conversion. Vast domed habitats, climate processors, and orbital mirrors work in concert to stabilize temperatures and seed a sustainable biosphere. Though not yet fully habitable, the moon supports growing populations of specialists and settlers, serving as a strategic expansion site and a testament to advanced terraforming science.",,,,,
moon_terraformed,PLANET,"A fully terraformed moon settled under the guidance of the United Federation of Planets. Balanced ecosystems, planned population centers, and extensive environmental safeguards reflect Federation terraforming standards. Serving as a secondary population and research hub, the moon exemplifies controlled expansion focused on sustainability, cooperation, and long-term habitability.",,"Once an airless satellite, this moon now supports a stable atmosphere and a carefully engineered biosphere. Shallow seas, resilient plant life, and regulated climates mark the final success of long-term terraforming efforts. While less diverse than a natural terran world, it is fully habitable and steadily developing.",,,,,
mars,PLANET,"A cold, arid terrestrial world marked by vast red plains, ancient impact basins, and a thin atmosphere. Once geologically active, Mars now stands as a harsh but resource?rich planet, supporting limited habitation through sealed settlements and life?support infrastructure.",,"A dry terrestrial world under the stewardship of the United Federation of Planets. Long used as a center for scientific research and frontier habitation, Mars supports sealed cities, orbital infrastructure, and extensive surface installations. The planet serves as a proving ground for Federation planetary science and long-term settlement planning.",,,,,
mars_terraforming,PLANET,"A dry terrestrial world undergoing large scale terraforming. Atmospheric processors, polar melting arrays, and soil conditioning projects are slowly thickening the air and raising surface temperatures. While still hostile, the planet hosts a growing population of engineers, scientists, and settlers preparing Mars for long-term habitability.",,"A terrestrial world actively undergoing terraforming by the United Federation of Planets. Atmospheric thickening, hydrological restoration, and biosphere seeding projects are steadily reshaping the planet’s surface. Federation research teams and engineers oversee the process, emphasizing ecological balance, gradual development, and long-term sustainability.",,,,,
mars_terraformed,PLANET,"A fully terraformed terrestrial world with stabilized climates, breathable atmosphere, and expanding biospheres adapted from hardy pioneer species. Though still drier and less oceanic than a true terran world, Mars now supports open settlements and agriculture, standing as a successful example of sustained planetary engineering.",,"A fully terraformed world and established member colony of the United Federation of Planets. Mars now possesses a stable atmosphere, open-air settlements, and expanding ecosystems adapted to its unique geography. As a symbol of Federation scientific achievement, the planet supports civilian populations, research institutions, and regional governance within Federation space.",,,,,
jupiter,PLANET,"A massive gas giant dominating its system with immense gravity and powerful radiation belts. Jupiter’s turbulent atmosphere is marked by vast storm systems and layered cloud bands, while its extensive magnetosphere shapes local space conditions and orbital dynamics.",,,,,,,
saturn,PLANET,"A gas giant distinguished by its expansive and complex ring system. Saturn’s upper atmosphere features strong winds and long-lived storms, while its rings and numerous moons form a dense and dynamic orbital environment of scientific and navigational significance.",,,,,,,
uranus,PLANET,"An ice giant with a tilted axis that produces extreme seasonal variations. Its pale atmosphere contains methane-rich clouds and subdued storm activity, while faint rings and an unusual magnetic field define its remote and unstable space environment.",,,,,,,
neptune,PLANET,A distant ice giant characterized by intense winds and violent atmospheric storms. Deep blue cloud layers and powerful weather systems make Neptune one of the most dynamically active planets in the outer reaches of the system.,,,,,,,
,,,,,,,,,
#Hull id - FRIGATE,#type,#text1,,,,,,,
fed_ventureScout,SHIP,"Truly, this class is an Auxilary Craft. It's built in the line of the idea of a Runabout. It's a short range vessel, used for scouting, but not in the same vein as larger scout vessels. It's a short -range scouting vessel, without powerful snesor capabilities. The Venture auxiliary craft is manueverable and well-equipped for it's size. If a civillian were to get their hands on this ship, she'd actually be rathe spritely for ship life, offering farily good internal living space ... but for no more than four people. 

TACTICAL: As an Auxiliary Craft, it's powerful compared to its contemparies. You'd probably hate to be surrounded by multiple of these ships in the wrong class of starships. ",,,,,,,
fed_centaur,SHIP,"The Centaur class is an older Federation scout and light cruiser design derived from Excelsior-era technology. Originally intended as a smaller, faster counterpart to the Miranda class, the Centaur ultimately filled a different niche: long-range scouting, patrol, and reconnaissance duties along Federation frontiers. While once common, the class has largely been retired and only lingered in limited service roles into the late 24th century.

Centaur class vessels are optimized for scouting rather than in-depth exploration. They carry a reduced version of the Excelsior class planetary scanning array on the ventral surface of the saucer, allowing them to identify promising worlds and anomalies from long range. However, their internal science facilities are minimal, focused on sample collection and probe deployment rather than detailed analysis. Their primary role is to locate points of interest and pass that data along to more capable survey or science vessels.

A common task for the Centaur is the deployment and servicing of sensor beacons and unmanned outposts in frontier regions. These ships often operate well beyond the reach of their onboard labs by relying on probes and remote sensors, extending Starfleet’s observational footprint without committing larger assets. They are also frequently used as tenders for remote sensor networks, collecting data and performing maintenance runs.

Diplomatic capability aboard the Centaur is extremely limited. The class lacks dedicated guest accommodations, and any diplomatic activity must be conducted in standard crew spaces. Because of this, Centaur?class ships are rarely assigned formal diplomatic missions, though their unassuming profile has occasionally made them useful for low-visibility or discreet operations.


Life aboard the Centaur is cramped and demanding. Automation is limited, maintenance is labor?intensive, and crew accommodations are poor compared to newer small vessels. Assignments are typically short, and postings are rarely considered prestigious. Despite this, the class’s long service history has fostered a sense of pride among its crews, who often view keeping a Centaur operational as a badge of honor.

TACTICAL: For its size, the Centaur class is well armed, carrying strong forward and aft torpedo coverage and respectable phaser banks. In its prime, it was capable of engaging Klingon Birds-of-Prey and similar light combatants. In later years, it is best suited to deterring pirates, smugglers, and raiders rather than sustained combat. Centaur crews favor hit-and-run tactics, as the class lacks the durability to withstand prolonged engagements. While fast and maneuverable, it is very much a glass cannon by modern standards.
",,,,,,,
fed_nova,SHIP,"The Nova class surveyor is one of the most common science vessels in Starfleet service, with several hundred units constructed since its introduction in the early 2370s. Efficient and well-equipped, the class was designed to perform in-depth surveys of star systems and planetary bodies, with a particular emphasis on M-class worlds and pre-colonization assessment.

The Nova class excels at short duration exploratory missions. Rather than ranging widely across multiple sectors, ships of this class are typically assigned to a single star system for extended periods, often remaining on station for months at a time to conduct comprehensive scientific analysis. Compared to larger explorer type vessels, which perform broad reconnaissance, the Nova specializes in detailed follow-up work—cataloging planetary environments, evaluating habitability, and conducting focused research programs.

A key improvement over the Oberth class it replaced is survivability. The Oberth was highly vulnerable and poorly suited to operations in increasingly dangerous regions of space, leading to significant losses to pirates, raiders, and anomalies. The Nova class does not share this weakness. Derived from a wartime design lineage, it carries modern defensive systems and is fully capable of protecting itself against light threats, allowing it to operate safely in regions where Oberth class vessels could not.

TACTICAL: The Nova class is not a frontline combat vessel, but it is far from defenseless. Fast, maneuverable, and well-armed for its size, it can and will fight when necessary. Nova class ships are particularly effective in support roles, where their speed and firepower allow them to harass larger opponents, cover flanks, or reinforce light task groups. Mixed formations of Saber and Nova class vessels can present a surprisingly dangerous threat to enemy forces, making the Nova a valuable contributor to fleet operations despite its scientific focus.",,,,,,,
fed_saber,SHIP,"Easy to build and easy to maintain, the Saber class is a simple, modern starship produced in large numbers for Starfleet service. Designed in response to the disaster at Wolf 359, the Saber entered service just in time for the Dominion War and quickly proved itself as a fast, agile, and reliable escort and patrol vessel. It serves primarily in the roles of scout and frigate, emphasizing maneuverability and survivability over raw firepower.

While not a dedicated science vessel, the Saber class retains limited scientific capability, as is typical for Federation starships. In practice, however, it is best understood as a tactical support platform. Saber class ships are most often deployed alongside larger vessels, screening capital ships, patrolling borders, and responding quickly to emerging threats. Though not a true warship, the Saber excels in defensive roles, where its compact profile and reinforced structure make it a difficult target.

The Saber’s hull integrates its primary and secondary structures into a single, unified spaceframe, a radical departure from older Starfleet designs. This simplified construction increases durability and reduces maintenance requirements, while also contributing to the ship’s excellent maneuverability. Heavy internal reinforcement allows the vessel to absorb damage more effectively than older light ships, and regenerative shielding further improves survivability.

As a smaller vessel, the Saber class is necessarily compact. Crew accommodations are functional but somewhat cramped, with shared quarters and limited recreational space. High automation allows the ship to operate with a relatively small crew, reducing logistical strain, but also limits its ability to remain on long-duration deployments. As a result, Saber class ships typically operate close to established bases and support infrastructure.

TACTICAL: The Saber class performs best when deployed in groups. Squadrons of three to five Sabers operating alongside a heavier combatant can be extremely effective, using speed and maneuverability to harass enemy vessels and exploit openings created by their larger allies. Strong forward facing weapons allow the Saber to strike decisively, then disengage before sustaining serious damage. While not intended for prolonged combat, the class is highly effective as a fleet escort, picket ship, and rapid-response platform.",,,,,,,
fed_freedom,SHIP,"The Freedom class scout is a long serving patrol and reconnaissance vessel commonly assigned to border regions of Federation space. These ships are most often deployed to outlying colony worlds and lightly traveled space lanes, where they serve as customs enforcement cutters, search-and-rescue platforms, and general law-and-order patrol ships. In this role, they function as the closest thing Starfleet has to a spaceborne police vessel.

As scout ships, Freedom class vessels are equipped with powerful long range sensor arrays, giving them excellent detection and tracking capability for their size. At the time of their introduction, these sensors were considered state-of-the-art and allowed the class to perform stellar cartography missions, long baseline surveys, and early warning reconnaissance well ahead of larger starships. Even in the modern era, their sensors remain their most valuable asset.

By contemporary standards, however, the Freedom class is antiquated. Built using older design philosophies and technology, these ships lack the modularity and efficiency of later scout and frigate designs. Shipboard life is cramped and uncomfortable, with poor separation between living and working spaces, and limited recreational facilities. As a result, Freedom class assignments are unpopular among Starfleet personnel.

Because of their age and limited upgrade potential, the class is gradually being phased out of front?line service in favor of newer scout and patrol vessels. Starfleet has determined that most Freedom?class hulls are not worth refitting beyond basic maintenance, and surviving units are increasingly relegated to low?intensity patrol duties, training roles, or planetary defense forces.

TACTICAL: The Freedom class is not a strong combatant by modern standards, but it can hold its own in small skirmishes. It is primarily a patrol and scout vessel, best suited to deterrence rather than direct confrontation. Against pirates, smugglers, and light raiders, a Freedom class ship remains an effective presence. It is relatively quick at sublight speeds and reasonably maneuverable, though its handling is limited compared to newer designs. In combat situations, its role is to identify threats, delay if necessary, and call in heavier Starfleet assets.",,,,,,,
fed_challenger,SHIP,"The Challenger class light cruiser was developed as part of the Fleet Modernization Program that ultimately led to the Galaxy class explorer. Serving as one of the key testbeds for technologies and design concepts later used in the Galaxy, the Challenger occupies an important transitional role in Starfleet history. While capable of independent exploration duties, it was never intended to serve as a front-line explorer and instead focused on secondary exploration and support missions.

Challenger class vessels are most often assigned to exploration within Federation territory. Their typical duties include surveying known systems that never received detailed scans, conducting preliminary long-range observations, and performing full system sweeps ahead of more specialized science or explorer vessels. Compared to smaller patrol ships like the Freedom class, the Challenger offers significantly better crew accommodations and internal space without sacrificing sensor strength or probe capacity.

Although the class is aging, Challenger class ships remain in limited service well into the 25th century. Their sensor suites and probe systems remain effective, and their internal layout avoids the excessive space penalties seen in earlier scout designs. As a result, they continue to be useful as exploratory support ships, courier vessels, and patrol cruisers, even as the class gradually phases out of active production.

TACTICAL: Challenger class ships saw frequent use during the Federation-Cardassian border conflicts. While not as tactically refined as the New Orleans class, the Challenger performs reliably in combat. It is slightly slower than its cousin but equally maneuverable, allowing it to hold its own in skirmishes and defensive engagements. Though no longer considered a modern combatant, the Challenger remains capable of defending itself and supporting fleet operations when necessary.",,,,,,,
fed_springfield,SHIP,"The Springfield class science vessel was developed as part of the Fleet Modernization Program that ultimately led to the Galaxy class explorer. Purpose built to replace aging Miranda and Oberth class ships, the Springfield was designed as a dedicated research platform rather than a generalist starship. It remains a useful and capable science vessel even into the early 25th century, though the class is now clearly approaching the end of its service life.

Springfield class vessels are well suited for long?duration research missions. As science ships, they carry powerful sensor arrays and specialized equipment intended to support extended scientific investigation rather than rapid exploration. While capable of independent operation, they are not considered front line explorers. Instead, they are typically assigned to secondary exploration tasks within safer regions of Federation space, leaving deep space and first contact missions to larger vessels such as the Galaxy and Nebula classes.

The class is flexible in its scientific role, with the ability to be configured for discipline?specific research or operate as a generalist science platform. Their internal volume is devoted primarily to laboratories, sensor processing, and probe systems rather than heavy armament, making them especially effective for focused studies that require time and stability rather than mobility.

The Springfield is also capable of handling diplomatic duties as a secondary mission profile. Its size and internal layout allow for comfortable accommodations, conference facilities, and limited VIP transport. While not intended to serve as a primary diplomatic vessel, it is well suited to hosting negotiations related to scientific access, survey rights, or cooperative research efforts.

TACTICAL: Although classified as a science vessel, the Springfield class is not defenseless. It carries respectable beam weapon coverage and shields that are strong for a ship of its size, allowing it to operate safely in regions that are not fully secured. The ship is not intended for prolonged combat, but it can hold its own in short engagements. Springfield captains are advised to end fights quickly or disengage and regroup with more combat focused vessels when facing serious threats.",,,,,,,
fed_newOrleans,SHIP,"Designed as a true multi-role starship, the New Orleans class is one of Starfleet’s most versatile mid?sized vessels. Developed as part of the Fleet Modernization Program that ultimately produced the Galaxy class explorer, the New Orleans served as a smaller scale testbed for many of the systems and design philosophies that would later define Starfleet’s flagship explorers. As a result, it occupies a unique position between patrol ships and larger exploration cruisers.

New Orleans class vessels are routinely assigned a wide range of missions, including patrol, general exploration, light and secondary exploration, system surveys, and reconnaissance. They are frequently deployed within Federation space or along its borders, conducting full system sweeps and follow-up exploration where larger explorers are unnecessary or unavailable. While capable of basic intelligence and observation work, they are not dedicated espionage platforms, instead serving as reliable generalists that can adapt to changing mission requirements.

As a science platform, the New Orleans is competent but unexceptional. Its internal scientific facilities are basic compared to larger multi-mission ships or dedicated science vessels, and it is often used as a stand-in when a proper science ship cannot be spared. What sets the class apart, however, is its modular mission pod system mounted above the saucer. These pods can be configured for sensors, science, cargo, passengers, medical support, or shuttle capacity, allowing the ship to be tailored quickly for narrow mission profiles. While highly useful, these pods are unique to the New Orleans hull and cannot be shared with other classes.

Though versatile and widely respected, the New Orleans never achieved the fame of iconic Federation starships such as the Galaxy, Excelsior, Ambassador, or Constitution. Instead, it became the Federation’s dependable workhorse—well-known, widely used, and rarely celebrated. Its crews perform essential missions quietly and without fanfare, keeping Starfleet’s exploratory and patrol operations running smoothly behind the scenes.

TACTICAL: The New Orleans class is impressively equipped for a ship of its size. While not intended as a frontline combatant, it performs best as a tactical support vessel operating alongside heavier warships. In skirmishes, it can hold its own, and against pirates or raiders it is more than sufficient to dominate the engagement. Strong beam coverage, reliable torpedo armament, and solid maneuverability make it a dependable contributor to fleet actions rather than a liability.",,,,,,,
,,,,,,,,,
#Hull id - DESTROYERS,#type,#text1,,,,,,,
fed_defiant,SHIP,"The Defiant class escort was born out of necessity, developed in direct response to the Borg incursions of the 2360s and the catastrophic losses suffered at Wolf 359. Unlike any Starfleet vessel before it, the Defiant was designed from the ground up with combat as its primary function. Small, fast, and brutally powerful for its size, it represents a sharp departure from Starfleet’s traditional design philosophy.

Originally intended solely as a tactical platform, the Defiant proved its worth during the Dominion War, where it excelled as an escort, strike vessel, and defensive screen for larger ships and strategic installations. In the decades since, advances in automation and internal refits have expanded the class’s mission profile, allowing it to operate with a reduced crew while gaining limited independence from constant starbase support. Despite these improvements, the Defiant remains a fundamentally combat focused vessel.

Though compact, the Defiant carries a surprisingly capable sensor suite, optimized for threat detection, defensive operations, and intelligence gathering. Over time, upgrades have made these systems flexible enough to support basic scientific reconnaissance. While not suitable for extended deep space exploration, modern Defiant class ships can conduct initial surveys or reconnaissance missions in dangerous or contested regions where sending a larger vessel would be impractical.

Diplomatic capability aboard the Defiant is minimal but functional. Facilities are spartan, with limited guest accommodations and a small conference space, making it unsuitable for formal negotiations. However, its speed and firepower make it an excellent courier for high risk diplomatic transport, where protection matters more than comfort. In such cases, the ship’s no-nonsense presence can itself be a strategic asset.

Life aboard a Defiant class ship is utilitarian. Crew spaces are compact, amenities are limited, and automation replaces comfort wherever possible. In exchange, crews develop a strong sense of camaraderie and cohesion, forged by close quarters and demanding operations. The Defiant is not a ship for luxury or prestige, but for crews who value effectiveness, resilience, and purpose.

TACTICAL:The Defiant class is the most combat?oriented starship ever fielded by Starfleet. Armed with pulse phaser cannons, quantum torpedoes, regenerative shields, and ablative armor, it delivers disproportionate firepower for its size. Rather than engaging in prolonged fleet actions, Defiants excel as escorts, interceptors, and strike ships, operating alongside larger vessels or conducting hit?and?run attacks. While another power might label it a warship, Starfleet employs the Defiant strictly as an escort—designed to defend, deter, and survive against overwhelming threats.

",,,,,,,
fed_defiantPras,SHIP,"Somehow, the benefactor Mr. Pras got his hands on a Defiant class husk. The vessel was in one of Starfleet's mothball yards. The notes on the vessel indicated that it was a failed ship to begin with. Starfleet's best engineers could not wrangle the ship into a performant one. With shadowy skills, Mr. Pras procured this vessel for himself. Spending the greatest amount of credits without care or worry, the best engineers in the known galaxy got their hands on the Defiant husk. With irritation and great effort, the ship was restored to glory. It took some sacrifice to get her to the spec their benefactor wished for. 

Sacrificing crew space and a bit of internal volume, the vessel was outfitted with the best armor and shield emitters available for the ship of that size. The engineers were even able to kit out even more weapon modules in the hull. This is truly the most dangerous Defiant in the sector, and Mr. Pras' personal vehicle of travel when leaving his station. Not even a Federation capital ship would mess with this puppy. 
",,,,,,,
fed_miranda,SHIP,"There are probably a billion of these ships in service. Not literally—but the Miranda class is one of the most widely produced starship designs in Federation history. Over its long career, it served as a light cruiser, frigate, science ship, supply vessel, and eventually an auxiliary transport. The class was prized for its balance: capable in nearly every role without truly excelling in any one. For much of the 23rd and 24th centuries, the Miranda was the backbone of Starfleet.

Originally fielded as a front-line light cruiser, the Miranda served extensively during the Federation’s major conflicts. During the Federation-Cardassian War, it operated primarily as a frigate. In the Borg and Dominion conflicts, it once again filled that role—but by then, the class was showing its age. Though reliable and numerous, the Miranda suffered heavy losses against modern threats, its design no longer suited for high?intensity fleet combat.

For decades, Miranda class ships also served as front?line explorers, operating alongside vessels such as the Excelsior, Constitution, Ambassador, and Constellation classes. By the time the Ambassador class entered service, the Miranda was increasingly pushed into second-line survey and scientific missions. Even then, it remained useful, flexible, and familiar to Starfleet crews.

In the modern era, however, the Miranda has largely exited mainline Starfleet service. Most surviving hulls have been transferred to Starfleet Auxiliary, where they serve as transports, supply ships, surveyors, and hospital vessels. Many have been disarmed entirely, with their rollbar weapons assemblies removed. While some armed examples lingered briefly into the late 24th century, these are now rare, and their remaining service life is short.

Life aboard the Miranda was considered comfortable by the standards of its time. While lacking modern amenities such as holodecks, it offered generous crew spaces, recreation facilities, and a layout intended for multi-year deployments. By the late 24th century, these comforts felt dated rather than luxurious, and assignments aboard Miranda class ships—particularly in auxiliary service—are now considered something of a novelty rather than a privilege.

No Miranda class ships remain in mainline Starfleet service. Those still operating under Starfleet Auxiliary continue to perform valuable but unglamorous work, quietly carrying supplies, patients, and researchers across Federation space. Though the class has finally passed its prime, its legacy is unmatched. Few starship designs have served as long, in as many roles, or shaped as many Starfleet careers as the Miranda.

TACTICAL: Once, the Miranda was a dangerous ship—arguably more threatening than the Constitution class in certain engagements thanks to its torpedo coverage and maneuverability. In the modern era, however, it is badly outmatched by newer designs. Compared to ships like the Saber or Norway, a single Miranda is at a severe disadvantage. In numbers, they can still pose a problem, but that era has passed. Today, Miranda class ships are sometimes used to shore up secondary fleet elements, though even this role is rapidly being taken over by newer frigates. Compared to the Centaur class, the Miranda remains the stronger platform—but that is faint praise by 25th century standards.",,,,,,,
fed_norway,SHIP,"The Norway class is a light cruiser designed primarily for scientific and diplomatic missions, with secondary combat capability. Developed in the aftermath of Wolf 359, the class reflects Starfleet’s shift toward more survivable, multi-role vessels without committing to dedicated warship designs. While capable of independent operation, Norway class ships are most often assigned missions within or near Federation space.

The class occupies a middle ground between true science vessels and general purpose cruisers. Norway class ships carry more laboratories and research facilities than most light cruisers, allowing them to conduct extended scientific studies, planetary surveys, and stellar research without the resource demands of larger explorers. Compared to the Nova class, the Norway offers greater internal volume, longer endurance, and better support for complex experiments, though at the cost of a larger crew.

Diplomacy is a core function of the class. The Norway was designed to replace the Challenger class as Starfleet’s preferred diplomatic courier, featuring extensive conference facilities and adaptable accommodations for multiple ambassador level delegations. Its speed, defenses, and armament allow it to operate confidently in unstable regions, making it well suited for second-contact missions, prolonged negotiations, and service as a mobile base for flag officers or diplomats.

Norway class ships are rarely assigned routine patrol duties, as their scientific and diplomatic capabilities are consistently in demand elsewhere. Crews tend to be science or diplomacy focused, and service aboard the class is generally regarded as comfortable and collegial rather than prestigious. While unremarkable in headline making terms, the Norway class has proven to be a reliable and adaptable workhorse that continues to see steady service well into the late 24th century.

TACTICAL: Though not a warship, the Norway class is significantly more combat capable than the vessels it replaced. It mounts modern phaser arrays and forward and aft torpedo launchers, allowing it to perform effectively against frigates and smaller combatants. In fleet actions, Norway class ships are typically assigned screening duties, protecting larger explorers by intercepting lighter enemy vessels. Ablative armor and a low frontal profile improve survivability, though sustained engagements against heavy combatants are avoided.",,,,,,,
fed_steamrunner,SHIP,"The Steamrunner-class was developed as a modern replacement for the long-serving Miranda-class, intended to handle a wide range of general-purpose missions from a compact and efficient platform. Entering service in the late 2360s, the class was designed to perform diplomatic, scientific, and exploration duties without specializing too heavily in any one role.

Unlike dedicated science vessels, the Steamrunner carries a modest but capable scientific suite. It is well-suited for general surveys, system-wide scans, and exploratory missions within or near Federation territory, though it lacks the depth required for long-duration or highly specialized research assignments. In this role, it often fills the gap between larger explorers and smaller patrol craft.

Diplomatic capability is present but limited. The class includes accommodations for small delegations and short-term diplomatic missions, making it suitable for courier work, negotiations of limited scope, or follow-up diplomacy once initial contact has already been established by larger vessels. It was never intended to replace full diplomatic cruisers, but it performs adequately when required.

The Steamrunner’s design emphasizes a low tactical profile and survivability. Its broad primary hull and angled nacelles reduce exposure during combat, while key systems such as the bridge and deflector are recessed and well-protected. These design choices reflect lessons learned from early Borg encounters and influenced several later Starfleet hull designs.

Living conditions aboard the Steamrunner are generally comfortable. While not luxurious, the class offers ample recreational space for its relatively small crew, including holodecks and large communal areas. As a result, service aboard a Steamrunner is considered more desirable than on older light cruisers it replaced.

TACTICAL:Though not intended as a front-line combat vessel, the Steamrunner-class is a capable defensive ship. Originally lightly armed, combat experience—particularly during the early Dominion conflicts—led to upgrades that significantly improved its firepower. In combat, Steamrunners perform best as escorts and support ships, defending larger vessels or engaging raiders and light warships. They are fast, maneuverable, and durable, but prolonged engagements against heavy combatants are avoided.
Despite later being overshadowed by newer light cruisers, the Steamrunner remains in service well into the late 24th century due to its reliability, low operating cost, and versatility. While unlikely to achieve fame, it is regarded as a dependable workhorse that quietly fulfills Starfleet’s everyday mission needs.",,,,,,,
fed_cheyenne,SHIP,"The Cheyenne-class is an aging fast cruiser designed for rapid-response missions within Federation space. Developed as a replacement for the unreliable Niagara-class and a spiritual successor to the Constellation-class, the Cheyenne emphasizes speed, flexibility, and reliability over raw combat power. While no longer considered cutting-edge, the class continues to serve in secondary and support roles well into the late 24th and early 25th centuries.

As a generalist platform, the Cheyenne is capable of light exploration, reconnaissance, patrol, and charting duties. It carries a modest number of science labs and features strong medium-range sensor coverage, making it effective at border monitoring and advance survey work rather than deep-space scientific research. In the modern era, these ships are rarely assigned independent exploration missions and instead operate ahead of or alongside larger fleet elements.

Diplomacy is a notable secondary role for the class. Cheyenne-class ships are large enough to host multi-party negotiations and long-term talks, including accession discussions for prospective Federation member worlds. While lacking the luxury of newer diplomatic cruisers, they can remain on station for extended periods with minimal resupply, making them useful as diplomatic couriers or negotiation platforms in stable regions.

The class is one of the few Starfleet designs to feature four warp nacelles, a decision intended to improve high-speed performance by alternating or combining nacelle pairs. In practice, this concept proved less effective than anticipated, and the design was quickly eclipsed by more efficient propulsion systems introduced on later cruisers. Power limitations remain one of the class’s defining weaknesses, shaping how the ship is employed operationally.

Living conditions aboard the Cheyenne are generally comfortable by Starfleet standards. Officers often enjoy individual quarters, and the ship includes ample recreational and medical facilities, reflecting its intended role as a humanitarian and rapid-response vessel. Despite this, postings aboard Cheyenne-class ships are often viewed as transitional, with high crew turnover and relatively short command tenures.

TACTICAL:The Cheyenne-class is capable of handling low-intensity combat operations, including anti-piracy actions, border skirmishes, and escort duties. Its phaser coverage is comprehensive, and its torpedo armament allows it to engage light warships effectively. However, limited power generation restricts sustained combat performance, and the class is poorly suited to prolonged fleet engagements. In major actions, Cheyenne-class ships are typically assigned support roles such as evacuation, recovery, and rear-area defense rather than direct combat.
While never produced in large numbers and increasingly pushed to fringe assignments, the Cheyenne-class remains a dependable if unremarkable Starfleet vessel. It is best described as a capable stopgap—reliable, versatile, and serviceable—but ultimately overshadowed by more modern cruiser designs.",,,,,,,
,,,,,,,,,
#Hull id - CRUISERS,#type,#text1,,,,,,,
fed_constellation,SHIP,"Counted as one of the rare four-nacelled ships designed by Starfleet, the Constellation class served with unsung distinction for nearly a century. Fielded in the 2280s as a modern counterpart to the Constitution class, its origins trace back to a 2272 brief calling for a vessel capable of long-duration exploration, diplomacy, and combat across the Federation’s expanding borders. The design was a radical departure from the era’s norms; while contemporary heavy cruisers relied on dual-hull configurations to manage large-scale Structural Integrity Fields (SIFs), advancements in SIF technology allowed the Constellation to be fielded within a single, more efficient hull. This consolidated space for equipment and experimental systems, most notably the unique quad-nacelle arrangement intended to grant a 15% boost in fuel efficiency and superior maneuverability across the warp flight envelope.

Despite its ambitious goals, the class’s early years were plagued by a fundamental power mismatch. The ambitious quad-nacelle design required far more energy than the initial warp cores could safely provide, leading to catastrophic system failures and forced core ejections. Rather than scrap the fleet, Starfleet implemented a ""stopgap"" measure: software limiters that throttled the engines. This compromise solved the safety issues but left the ships chronically underpowered for decades, forcing the 50 commissioned vessels to ""soldier on"" as generalist platforms. They eventually achieved redemption through a series of upgrades between 2300 and 2310, and a final comprehensive refit in the 2370s that finally provided the power the spaceframe had always craved. This longevity allowed for legendary moments like the USS Stargazer’s execution of the first ""Picard Maneuver"" under the command of a young Jean-Luc Picard.

TACTICAL: Historically, the Constellation was designed to outmatch any projected Romulan or Klingon threat, featuring a robust armament of eight dual-mounted phaser banks and four torpedo launchers. However, during its early service, these teeth were often blunted by the aforementioned power limiters, which forced captains to carefully balance shield output with weapon fire. In the modern era, the class has transitioned into a reliable low-intensity combatant. While it no longer stands on the frontlines of major galactic conflicts, its reliable sensor arrays and revised power grid make it an exceptional platform for border security and ""policing"" actions. It excels at neutralizing pirates and raiders, where its maneuverability and wide firing arcs allow it to dominate smaller, less sophisticated vessels that might underestimate the aging cruiser.",,,,,,,
fed_excelsior,SHIP,"The Excelsior-class heavy cruiser was one of the most important and enduring starship designs in Starfleet history. Originally introduced in the late 23rd century as “the Great Experiment,” the class went on to become the backbone of the Federation fleet for over a hundred years. Though long retired by the end of the 24th century, the Excelsior’s influence shaped nearly every major Starfleet cruiser design that followed.

At its peak, the Excelsior-class served as Starfleet’s primary explorer, diplomatic vessel, and ship-of-the-line. It was capable of long-duration missions, independent operations, and large-scale fleet actions. While its scientific facilities eventually lagged behind newer designs, the class compensated with sheer internal volume, allowing mission-specific laboratories, sensors, and cargo to be embarked as needed. In its later years, Excelsiors were commonly assigned follow-up surveys, transport missions, and patrol duties rather than frontier exploration.

Diplomacy was a major role throughout the class’s service life. Excelsior-class ships frequently transported ambassadors, admirals, and Federation officials, serving as flagships for senior officers well into the 2370s. Though less luxurious than later diplomatic cruisers, they were economical, recognizable, and symbolically powerful vessels for lower-tier negotiations and official visits.

The design itself refined the Constitution-class layout into a sleeker, faster, and more imposing form. Its long nacelles and extended secondary hull conveyed speed and authority, establishing a visual language that would later influence the Ambassador, Galaxy, and Sovereign classes. Despite being an older hull design, incremental upgrades kept many Excelsiors relevant through multiple generations of Starfleet technology.

TACTICAL: The Excelsior-class was never intended as a pure warship, but it proved to be a capable combat vessel when required. It mounted extensive phaser coverage and a heavy torpedo payload, supported by strong shielding for its era. In fleet actions, Excelsiors often served as line cruisers, escorts, or command platforms. By the Dominion War, many had received weapons and shield upgrades, allowing them to remain viable—though losses were heavy when facing more modern enemy designs.

Shipboard life aboard an Excelsior reflected its age. Interiors were more cramped than contemporary cruisers, and enlisted crew often lived in shared accommodations. Over time, automation reduced crew requirements and allowed limited comfort upgrades, including holodecks and improved medical facilities. These ships were frequently used for humanitarian missions, disaster relief, and transport operations rather than sustained combat deployments.

By the late 24th century, the Excelsior-class was no longer prestigious, but it remained deeply respected. Crews and captains often formed strong emotional attachments to their ships, and many officers spent large portions of their careers aboard them. With the introduction of newer cruiser designs and the Excelsior II program, the original Excelsior-class was finally retired—closing the chapter on one of Starfleet’s most iconic and influential vessels.",,,,,,,
fed_intrepid,SHIP,"The Intrepid-class is a fast, highly capable science vessel designed for long-duration independent exploration. Developed as a smaller, more efficient counterpart to the Galaxy-class, the Intrepid represented Starfleet’s attempt to concentrate advanced exploration capabilities into a compact platform with a much smaller crew. Its performance during the USS Voyager’s seven-year journey in the Delta Quadrant firmly established the class as one of Starfleet’s most successful exploration designs.

Intrepid-class ships are well suited for deep-space scientific missions, first contact operations, and extended surveys without regular Starfleet support. While smaller than true explorers, they are capable of conducting a wide range of scientific work, from planetary analysis to advanced astrometrics and anomaly research. Their laboratories are fewer in number than those aboard larger ships, but highly flexible and well-equipped, allowing them to adapt quickly to mission requirements.

The class was among the most technologically advanced of its era. It introduced several experimental systems that later became standard across Starfleet, including advanced warp propulsion, bio-neural computer systems, and emergency holographic medical support. These innovations allowed the Intrepid to operate efficiently with a smaller crew, though they also increased maintenance complexity and limited the scope of later structural refits.

One defining feature of the Intrepid is its exceptional speed. Designed with variable-geometry warp nacelles and an advanced warp drive, the class was the fastest Starfleet vessel at the time of its introduction. This made Intrepid-class ships ideal for frontier exploration, rapid-response scientific missions, and operating in regions where disengagement and evasion were preferable to confrontation.

Diplomacy is a secondary but important role for the class. Intrepid-class ships are frequently involved in first-contact situations and limited diplomatic engagements. Their relatively small size limits their ability to host large delegations, placing greater responsibility on the captain and senior staff to manage negotiations without extensive diplomatic support.

Crew life aboard an Intrepid-class ship is comfortable but close-knit. With fewer than two hundred personnel aboard, crews tend to form strong interpersonal bonds over long missions. Accommodations are compact but modern, with extensive use of holodecks to compensate for limited recreational space. These ships are considered desirable postings, and command of an Intrepid-class vessel is often viewed as a mark of distinction.By the early 25th century, the Intrepid-class remains in service but is no longer in production. While still effective, it is gradually being overshadowed by newer science vessels derived from its design. Even so, the Intrepid-class is remembered as one of Starfleet’s most influential and proven exploration platforms.

TACTICAL:Although not intended as combat vessels, Intrepid-class ships are well-armed for their size and possess excellent defensive coverage. Their phaser arrays provide near-complete firing arcs, and they carry both photon and quantum torpedoes. In combat situations, speed is their primary defense, allowing them to disengage from superior opponents. They are capable of holding their own in limited engagements but are not suited for sustained fleet combat.",,,,,,,
fed_galaxy_saucer,SHIP,"One half of a whole, the Galaxy class Saucer Section is not truly a starship in its own right, but a survival and command module designed to function independently when separated from the stardrive. It houses the majority of the Galaxy?class crew, civilians, and support facilities, and is best understood not as a fleet vessel, but as a mobile lifeboat on a massive scale.

Despite this designation, the saucer is far from defenseless. The majority of the Galaxy?class’s phaser coverage is mounted directly on the saucer, arranged in long, powerful arrays that provide wide forward and lateral firing arcs. Though it lacks torpedo launchers entirely, the concentration of phaser firepower makes the saucer section unexpectedly lethal. When operating alongside a separated stardrive, an opposing force is effectively facing two heavy cruisers working in coordination rather than a single divided ship.

There are, however, strict limitations. The saucer has no independent warp capability and operates solely on impulse power and maneuvering thrusters. It can remain within a warp field generated by another vessel, but cannot initiate or sustain warp on its own. As a result, the saucer is not intended to operate independently for extended periods and is doctrinally restricted from solo deployments.

By design, the Galaxy class saucer is treated as a protected civilian and evacuation asset rather than a combat ship. Its role is to remove non?essential personnel from danger, maintain life support, and defend itself long enough for rescue or reattachment. In this role, it shares philosophical similarities with the Nebula?class: heavy phaser coverage, strong shielding, large internal volume, and mission endurance at impulse rather than warp.

TACTICAL: While not intended for frontline combat, the Galaxy?class saucer is a formidable defensive platform. Its phaser arrays allow it to repel attackers, screen civilians, and support fleet actions when operating in conjunction with other vessels. Alone, it is dangerous but vulnerable; paired with its stardrive, it becomes part of a coordinated two?body warship system unmatched by any other Starfleet design of its era.",,,,,,,
fed_galaxy_stardrive,SHIP,"The Galaxy class Stardrive Section is the true heart of the starship’s combat and propulsion capabilities. Designed to operate independently when separated from the saucer, this section houses the warp core, warp nacelles, main deflector, torpedo launchers, and the majority of the Galaxy?class’s heavy systems. When detached, it transitions from an exploratory platform into what Starfleet doctrine explicitly considers a battle section.

Once relieved of the saucer’s mass and civilian population, the stardrive becomes a far more agile and focused combat vessel. It retains full warp capability, advanced maneuvering thrusters, and its own command facilities, including a dedicated battle bridge, computer core, medical spaces, and crew accommodations. Unlike the saucer, the stardrive is intended to operate independently for extended periods and is fully capable of warp travel, pursuit, and sustained combat operations.

The stardrive section carries the Galaxy class’s torpedo armament and a significant portion of its phaser coverage. Combined with its main navigational deflector and warp power reserves, this allows it to function as a heavy cruiser in its own right. In separation scenarios, Starfleet doctrine envisions the saucer withdrawing to safety while the stardrive engages the threat directly, ensuring that non?essential personnel are removed from harm.

TACTICAL: The Galaxy class stardrive is a formidable combat platform. With full warp capability, heavy shielding, large phaser arrays, and torpedo launchers, it is capable of standing toe?to?toe with capital ships of its era. When operating alongside its separated saucer, the stardrive enables multi?vector engagements that force opponents to divide their attention, effectively turning a single Galaxy?class starship into two coordinated heavy cruisers.",,,,,,,
fed_akira,SHIP,"Upon first sight, the Akira-class is immediately distinctive, drawing clear inspiration from the NX?class lineage of Captain Archer’s era. Developed in the aftermath of the Borg attack at Wolf 359, the Akira is a heavy cruiser built first and foremost for defense. While it possesses exploratory capability, it was never intended to be a primary exploration platform and instead emphasizes combat readiness and fleet protection.

Often classified as an attack cruiser or torpedo cruiser, the Akira mounts an exceptional torpedo armament unmatched by any other Federation ship of its era. Its hull is designed around redundancy and coverage, allowing sustained torpedo fire from multiple vectors while maneuvering. In addition, the class features extensive hangar facilities capable of supporting fighters, shuttles, and runabouts, allowing it to operate as a light carrier or force-multiplier during fleet actions.

In non-combat roles, the Akira’s large hangars and magazines can be repurposed for exploration support. Fighters, scouts, and runabouts extend its survey reach, while torpedo launchers may be configured to deploy probes instead of weapons. Though not a true science vessel, the Akira can perform wide-area system surveys at a level comparable to, or exceeding, smaller survey ships such as the Nova when properly outfitted.

TACTICAL: The Akira-class is one of the most heavily armed cruisers Starfleet has ever fielded. It carries more torpedo launchers and ordnance than any contemporary Federation design, backed by solid Type?X phaser coverage. Despite its size, the ship is fast and highly maneuverable, making it effective both as a frontline combatant and as a carrier platform. Designed to counter raiders, capital ships, and massed threats, the Akira remains a cornerstone of Starfleet’s defensive doctrine.",,,,,,,
fed_nebula_NX,SHIP,"The Nebula class NX Variant is the vessel that started it all. When viewing its hull and silhouette, the shared design language with the Galaxy class is immediately apparent, reflecting the same 24th century design ethos that emphasized versatility, scale, and long term fleet utility. Unlike later Nebula variants, the NX configuration lacks the prominent dorsal mission pod, presenting a cleaner and more streamlined profile that closely mirrors Starfleet’s original intent for the class.

Despite the absence of a specialized pod, the NX Variant remains fully competitive with its successors. Rather than relying on external modular systems, this configuration emphasizes internal flexibility, with large mission configurable spaces built directly into the hull. As a result, the NX Variant functions as a true generalist cruiser, capable of exploration, survey work, diplomacy, and fleet support without being tied to a single specialization.

In service, the Nebula NX Variant often serves as a multi?role workhorse. It is commonly assigned charting missions, extended surveys, second contact operations, and support duties near Federation borders. While it lacks the extreme sensor reach of the sensor variant or the enhanced firepower of tactical configurations, it compensates with balance and reliability, making it an ideal platform for sustained operations where adaptability is more valuable than peak specialization.

TACTICAL:The Nebula class NX Variant is a solid and dependable combatant, equipped with heavy shielding, large Type X phaser arrays, and forward and aft torpedo coverage. While not intended as a dedicated warship, it can hold its own against comparable cruisers and perform effectively in fleet actions. Captains are trained to leverage disciplined maneuvering and strong forward engagements, allowing the NX Variant to serve confidently as both a defensive cruiser and command?support vessel.",,,,,,,
fed_nebula,SHIP,"At a glance, the Nebula class presents itself as a familiar yet unconventional Starfleet design—clearly descended from the Galaxy class, but compacted into a more utilitarian form. Conceived as a multi-mission cruiser rather than a pure explorer, the Nebula was built to shoulder a wide range of responsibilities across Federation space, combining strong scientific capability with credible defensive power.

Unlike vessels built for a single role, the standard Nebula configuration emphasizes balance. It carries a large science department, extensive lab space, and robust sensor coverage without committing fully to deep range exploration. This makes the class particularly well-suited to charting missions, system surveys, second contact assignments, and long-term scientific operations conducted near established supply lines. While it lacks the extreme endurance of the Galaxy, it compensates with flexibility and efficiency.

The defining feature of the Nebula class is its modular design philosophy. Even without a specialized pod installed, the ship retains substantial internal mission configurable volume, allowing captains to tailor their vessel to evolving operational needs. This adaptability has made the Nebula a favored choice for mixed scientific, diplomatic, and patrol assignments, especially during periods when Starfleet requires capable ships that can pivot roles quickly.

TACTICAL: In its standard configuration, the Nebula class is a solid and dependable combatant. Heavy shielding, large Type X phaser arrays, and forward and aft torpedo coverage allow it to hold its own against threats of comparable size. While it lacks the overall arc firepower of the Galaxy, Nebula captains are trained to leverage strong forward engagements and disciplined maneuvering. As a result, the class performs best as a fleet cruiser, command ship, or show of force platform rather than a dedicated brawler.",,,,,,,
fed_nebula_sensor,SHIP,"Upon first sight, the Nebula class Sensor Variant presents a familiar silhouette closely related to the Galaxy class, distinguished by its prominent dorsal sensor pod. Developed alongside the Galaxy as part of Starfleet’s Fleet Modernization Program, the Nebula was designed as a highly versatile exploratory cruiser capable of fulfilling multiple mission profiles. In the sensor configuration, the class prioritizes intelligence gathering, reconnaissance, and deep range scanning over raw endurance or combat specialization.

The sensor pod transforms the Nebula into one of the most capable scanning platforms ever fielded by Starfleet. Extensive lateral sensor arrays combined with the modular pod allow the ship to conduct wide area system surveys, long-range reconnaissance, and detailed anomaly analysis far beyond the reach of most cruisers. This makes the Nebula Sensor Variant a preferred platform for border monitoring, search?and?rescue coordination, and advance survey missions ahead of larger fleet movements.

While not a true long range explorer, the Nebula Sensor Variant bridges the gap between heavy explorers and dedicated science vessels. Its large science department, extensive mission?configurable internal volume, and strong computing capacity allow it to rival starbases in data collection and analysis. However, its reduced fuel capacity compared to the Galaxy limits independent deployments to shorter durations, making it better suited to sustained operations near Federation space or with periodic support.

TACTICAL:Though not optimized for combat, the Nebula?class Sensor Variant remains a formidable cruiser. It mounts heavy shielding, large Type X phaser arrays, and standard forward and aft torpedo launchers. In combat situations, the sensor pod provides significant ECM and targeting support to allied vessels, making the ship an effective command and control and force multiplication asset rather than a frontline brawler.",,,,,,,
fed_nebula_warp,SHIP,"Upon first sight, the Nebula class Warp Variant is immediately recognizable by its distinctive dorsal propulsion module, replacing the more common sensor or tactical pods. Developed alongside the Galaxy class as a flexible multi-mission cruiser, this variant emphasizes speed, transit efficiency, and strategic mobility rather than pure exploration or combat specialization.

The warp pod significantly enhances the Nebula’s propulsion capabilities, improving sustained high warp travel and reducing engine stress during long transits. This configuration makes the ship particularly well-suited for rapid redeployment, long-distance courier work, and missions requiring frequent movement between widely separated operational zones. As a result, Warp Variant Nebulas are often assigned to sector command support, rapid-response task groups, or fleet coordination roles.

While the warp configuration reduces available space for mission?specific sensors or weapons, the Nebula remains a highly capable exploratory cruiser. Its large internal science department, extensive lab space, and strong baseline sensor suite allow it to conduct general scientific surveys and follow-up exploration missions efficiently. The class trades peak specialization for flexibility and endurance in motion, making it a dependable long-range generalist.

TACTICAL: In combat, the Nebula class Warp Variant relies on strong shielding, standard Type X phaser arrays, and forward and aft torpedo coverage rather than overwhelming firepower. Its primary advantage lies in speed and positioning, allowing it to disengage, reposition, or reinforce allied vessels quickly. While not intended as a frontline combatant, the Warp Variant excels in fleet support, pursuit, and rapid withdrawal operations.",,,,,,,
,,,,,,,,,
#Hull id - CAPITAL SHIP,#type,#text1,,,,,,,
fed_ambassador,SHIP,"Upon first sight, the Ambassador class immediately conveys scale and authority. Designed to bridge the gap between the Excelsior and the later Galaxy class, it represents Starfleet’s first true attempt at a large, long range capital ship built as much for diplomacy and presence as for exploration and combat. In her era, the Ambassador was intended to redefine what an exploration vessel could be, both technologically and symbolically.

Originally fielded as Starfleet’s premier explorer, the Ambassador was designed to conduct extended missions well beyond Federation space without support. As newer and larger explorers entered service, the class gradually shifted inward, finding a long second life as a diplomatic, scientific, and multirole capital ship operating closer to Federation borders. This evolution eventually formalized her modern role as an emissary vessel—focused on diplomacy, humanitarian aid, and strategic engagement rather than frontier exploration.

The Ambassador class remains one of Starfleet’s most capable diplomatic platforms. Extensive guest accommodations, configurable environmental systems, and large conference facilities allow her to host complex, multi-party negotiations in comfort. Even decades after her launch, she remains a powerful symbol of the Federation’s reach, able to enter unstable or hostile regions without the need for an escort. In the modern era, many ships of this class have been refreshed internally, blending classic grandeur with updated communications and holographic systems.

While no longer considered a cutting edge explorer, the Ambassador retains strong scientific capabilities. Large sensor arrays, numerous laboratories, and substantial mission configurable internal volume allow her to support research, analysis, and humanitarian coordination alongside diplomatic duties. These ships often operate as mobile command platforms, coordinating relief efforts or scientific initiatives rather than conducting raw data collection themselves.

TACTICAL:The Ambassador class is a capable and resilient combatant. Heavy shielding, large Type?X phaser arrays, and forward and aft torpedo coverage allow her to engage cruiser?class threats effectively. Though slower and less agile than newer designs, she proved durable in mid?24th century conflicts and remains a credible deterrent. In modern service, her firepower is retained primarily for self?defense, allowing newer ships to focus on frontline combat roles.",,,,,,,
fed_ambassador_refit,SHIP,"The Ambassador class Refit represents Starfleet’s first serious attempt to extend the operational relevance of the class in the decades following the launch of the Galaxy class. Rather than a complete redesign, this refit focused on strengthening the ship’s core systems while preserving the original spaceframe and mission philosophy. The result was a vessel that retained the presence and authority of the Ambassador while bringing its performance closer to late 24th century standards.

Refitted Ambassador class ships received upgraded power distribution systems, improved sensors, and modernized phaser arrays, significantly increasing combat endurance and reliability. Internally, scientific and diplomatic spaces were refreshed, allowing the ship to continue serving in exploratory and envoy roles even as newer classes entered service. These upgrades allowed the Ambassador Refit to remain viable during the turbulent mid-to-late 24th century, including service during the Dominion War.

TACTICAL: The Ambassador class Refit is a steady and resilient cruiser. Improved phaser output and more reliable torpedo systems allow it to engage contemporary threats effectively, though it remains less agile than newer designs. In fleet actions, refitted Ambassadors typically serve as line cruisers or command support vessels rather than frontline attackers.",,,,,,,
fed_ambassador_retrofit,SHIP,"The Ambassador class Retrofit is a far more extensive modernization, undertaken to fully reintegrate surviving hulls into active Starfleet service well into the 25th century. This program focused on replacing outdated systems wholesale rather than incrementally upgrading them, effectively rebuilding the ship’s internal architecture while keeping the iconic hull intact. In Starfleet terms, this marked the Ambassador’s transition from an aging capital ship into a modern support cruiser.

Retrofit vessels feature fully updated computer cores, modernized command-and-control systems, and significantly enhanced power management, allowing them to support newer defensive technologies and improved fleet coordination. These ships are often optimized for support, logistics, and coordination roles, acting as durable anchors for task groups rather than independent explorers.

TACTICAL: The Ambassador class Retrofit emphasizes survivability and fleet support over raw firepower. While still armed comparably to cruiser class contemporaries, its strength lies in defensive endurance, subsystem support, and command presence. In modern deployments, retrofit Ambassadors are frequently used to stabilize engagements, protect allied vessels, and maintain operational cohesion in prolonged conflicts.",,,,,,,
fed_Galaxy,SHIP,"The Galaxy class represents the pinnacle of Starfleet’s 24th century design philosophy: a true exploration cruiser built on a capital?ship scale. Conceived as the successor to the Ambassador class, the Galaxy was intended to serve as a self?contained Federation presence, capable of operating for years beyond established borders while carrying the full weight of Starfleet’s scientific, diplomatic, and defensive authority.

Designed from the outset as a long duration explorer, the Galaxy class combines unprecedented internal volume with advanced propulsion, computing, and sensor systems. Its ability to sustain independent operations for extended periods—often without resupply—allows it to conduct wide?area surveys, multi-disciplinary research, and prolonged first contact missions that would overwhelm smaller vessels. Few ships in any known fleet can match the Galaxy’s raw survey throughput or mission endurance.

The class is equally notable for the scale of its scientific infrastructure. Rather than being optimized around a single specialty, Galaxy class ships support dozens of concurrent research projects across hundreds of laboratories, many of which evolve over the lifetime of the vessel. As a result, no two Galaxy class ships are truly identical; each develops a distinct research profile shaped by its crew, mission history, and accumulated expertise. In this respect, the Galaxy is as much a moving institution as it is a starship.

Diplomacy is a core function of the class. Extensive guest accommodations, configurable environmental systems, and large conference and recreational facilities allow the Galaxy to host complex negotiations in comfort and security. Its sheer presence carries diplomatic weight, signaling both respect and resolve. Galaxy class commands are typically reserved for senior captains trusted not only with a powerful ship, but with representing the Federation itself in volatile regions.

Structurally, the Galaxy follows the classic saucer and stardrive configuration, refined to an unprecedented degree. Its ability to separate and later recombine its primary and secondary hulls allows it to function as two independent vessels, enabling evacuation of non?combatants or multi?vector operations. This capability, combined with redundant systems in both sections, makes the Galaxy one of the most survivable designs Starfleet has ever fielded.

TACTICAL: Although not designed as a warship, the Galaxy class is a formidable capital combatant. Heavy shielding, full Type X phaser coverage, and high capacity torpedo systems allow it to engage cruiser and battleship class threats effectively. Its massive power generation supports sustained combat operations, and when operating in separated flight mode, a Galaxy class can force adversaries to contend with two coordinated heavy platforms. While later classes refined and specialized these capabilities, the Galaxy remains one of the most balanced and resilient ships ever placed into Starfleet service.",,,,,,,
fed_sovereign,SHIP,"The Sovereign class was conceived as Starfleet’s answer to the strategic realities of the late 24th century: a capital ship capable of deep space exploration while also standing toe-to-toe with the most dangerous threats the Federation had ever faced. Developed in the wake of the Borg incursions, the class represents a deliberate shift away from the expansive, civilization?in?space philosophy of the Galaxy?class toward a more compact, tactically assertive exploration cruiser.

Originally intended to succeed the Galaxy as Starfleet’s premier explorer, the Sovereign instead evolved into a highly versatile battlecruiser with strong exploratory credentials. While it lacks the immense internal volume and specialization depth of earlier large explorers, it compensates with advanced sensors, high performance propulsion, and a generalist scientific suite capable of supporting a wide range of survey and research missions alongside its primary operational duties.

Scientifically, the Sovereign is best described as a capable generalist. Its laboratories are fewer and more compact than those aboard Galaxy class vessels, but they are well-equipped across all major disciplines and benefit from modern sensor integration and probe deployment systems. The class’s sensor arrays are among the most sophisticated of their era, able to penetrate dense nebulae, conduct high?resolution planetary scans, and challenge many cloaking technologies. Sovereign class ships routinely complete secondary and tertiary scientific objectives while deployed on patrol, diplomatic, or security missions.

Diplomatically, the Sovereign class occupies a complicated space. Its facilities are well-appointed and comfortable, with dedicated VIP quarters, conference spaces, and recreational amenities suitable for extended diplomatic engagements. Many ships of the class serve as flagships for admirals or sector commands. However, the ship’s reputation as a combat?optimized platform means its presence can carry an implicit sense of threat, particularly in sensitive negotiations. As a result, Sovereigns are most often employed as diplomatic escorts, high security envoys, or symbols of Federation resolve rather than neutral first?contact platforms.

From an engineering standpoint, the Sovereign class is a demanding but highly resilient design. Early in its service life it required large engineering complements and frequent maintenance, but decades of incremental refinement have reduced crew requirements and improved reliability. Its warp systems rival those of smaller high speed vessels, while its impulse engines grant it remarkable agility for a ship of its mass, allowing it to maneuver aggressively in combat situations. The class is known for its ability to survive catastrophic damage and still return under its own power—an attribute proven repeatedly in frontline service.

While the Sovereign is capable of saucer separation, the maneuver is rarely employed due to the severe operational limitations imposed on both sections. Instead, the class relies on its integrated resilience, firepower, and command and control systems to dominate engagements without resorting to separation.

In service, Sovereign class starships have become the backbone of Starfleet’s modern fleets. Though no longer the most advanced design in production, they remain prized commands—trusted to operate independently in dangerous regions, lead battlegroups, transport senior leadership, and project Federation power across contested space. Their blend of exploration capability and overwhelming combat strength ensures that the Sovereign?class will remain a central pillar of Starfleet operations well into the 25th century.

TACTICAL: The Sovereign class is one of the most heavily armed non?dreadnought starships ever fielded by Starfleet. Type XII phaser arrays provide full coverage, while its torpedo armament—particularly the forward rapid fire quantum turret—gives it exceptional offensive capability. Concentrated forward fire can overwhelm cruiser and battleship class opponents alike, and few vessels of comparable size can endure sustained engagement with a Sovereign. Combined with regenerative shielding and ablative armor, this makes the class a formidable battlecruiser and a natural anchor for fleet actions.
",,,,,,,
,,,,,,,,,
#Hull id - HERO SHIP,#type,#text1,,,,,,,
fed_defiant_ussDefiant,SHIP,"The Defiant class escort was born out of stark necessity—developed in direct response to the Borg incursions of the 2360s and the devastating loss of thirty-nine starships at the Battle of Wolf 359. Representing a radical departure from Starfleet’s traditional ""civilization in space"" design philosophy, the vessel was engineered from the keel up with combat as its primary function. Compact, heavily armored, and aggressively over-gunned, the prototype USS Defiant (NX-74205) was pulled from storage and stationed at Deep Space Nine under Commander Benjamin Sisko, transforming an abandoned project into the Federation's premier tactical spearhead.

Utilitarian to its core, the Defiant discarded sprawling scientific laboratories and diplomatic suites in favor of oversized impulse engines, an overpowered warp core, and spartan crew accommodations. Outfitted with a unique Romulan cloaking device under a special diplomatic treaty, the hero ship served as Starfleet's primary reconnaissance and strike platform in the Gamma Quadrant. Throughout the Dominion War, the Defiant stood on the frontlines of the quadrant's deadliest battles—leading fleet engagements, conducting high-risk covert operations, and defending strategic installations against Jem'Hadar and Breen task forces.

Life aboard the vessel is functional and close-knit, replacing physical comfort with operational efficiency and raw performance. While limited in deep-space survey capacity, the class carries a surprisingly capable threat-assessment sensor array, making it an ideal high-speed courier for volatile border regions where security far outweighs diplomatic luxury. In exchange for compact quarters and minimal amenities, crews develop exceptional cohesion, operating a vessel engineered to endure catastrophic structural stress and keep fighting.

Tactically, the Defiant class delivers firepower drastically disproportionate to its physical footprint. Armed with forward-mounted pulse phaser cannons capable of melting capital-tier shielding, rapid-fire quantum torpedo turrets, and dense ablative hull plating, it functions as a lethal strike cruiser or heavy escort. Designed to disengage rapidly, punch through enemy battle lines, and execute devastating hit-and-run attacks, the Defiant remains the most aggressively combat-oriented platform ever fielded in Starfleet history.",,,,,,,
fed_excelsior_ussExcelsior,SHIP,"The Excelsior class stands as one of the most important and enduring starship designs in naval history—a legendary heavy cruiser introduced in the late 23rd century under the ambitious moniker of ""The Great Experiment."" Originally designed as a testbed for transwarp drive technology, the class quickly transcended its experimental origins to become the operational backbone of Starfleet for over a century. Sleeker, faster, and far more imposing than the Constitution class it succeeded, the USS Excelsior established an architectural blueprint of long nacelles and sweeping hull lines that directly influenced the design of the Ambassador, Galaxy, and Sovereign classes.

Conceived as Starfleet’s premier deep-space explorer, fleet anchor, and diplomatic flagship, the design paired massive internal volume with multi-role operational flexibility. Its sprawling secondary hull permitted extensive modular refits over its multi-generational lifespan, allowing the vessel to adapt seamlessly from deep-space charting to heavy border patrol, disaster relief, and high-level VIP transport. The Excelsior possessed exceptional mission endurance, capable of conducting independent long-range surveys beyond known borders while projecting unquestioned Federation authority.

The ship's legacy as a hero vessel was forever cemented under the command of Captain Hikaru Sulu. During the Khitomer crisis of 2293, the USS Excelsior braved anomalous nebula hazards in the Beta Quadrant before breaking protocol to rush to the aid of the Enterprise-A. Joining forces in the skies above Khitomer, the Excelsior helped defeat General Chang's prototype cloaked bird-of-prey, directly securing the historic peace treaty between the United Federation of Planets and the Klingon Empire. This decisive victory proved that the new heavy cruiser was as lethal in battle as it was vital to galactic diplomacy.

Tactically, the Excelsior class was built as a heavy line combatant capable of dominating engagements against contemporary cruiser- and battleship-tier threats. Armed with broad-coverage phaser banks, heavy forward and aft torpedo payloads, and dense shielding, it frequently served as a fleet flagship and tactical lead. Through continuous power-grid and weapons modernization, refitted Excelsior-class hulls continued to absorb punishment and hold battlelines well into the Dominion War, cementing ""The Great Experiment"" as one of the most reliable and respected capital ship designs ever launched.",,,,,,,
fed_constellation_stargazer,SHIP,"The USS Stargazer was a Constellation-class starship, belonging to a rare lineage of four-nacelled vessels fielded by Starfleet in the 2280s. Built with a consolidated single-hull design to optimize space for equipment and experimental systems, its quad-nacelle layout was intended to deliver a 15% boost in fuel efficiency as well as superior maneuverability across its warp flight envelope. 

However, its early operational years were marked by a power mismatch where the nacelles demanded more energy than the core could safely yield, forcing Starfleet to apply software limiters that throttled the engines. This compromise blunted the performance of the ship's tactical suite—consisting of eight dual-mounted phaser banks and four torpedo launchers—requiring early commanding officers to carefully balance weapon output against shield energy. The Stargazer soldiered through these early power limitations and eventually achieved legendary status under the command of a young Jean-Luc Picard, who famously used the ship to execute the first ""Picard Maneuver"".",,,,,,,
fed_intrepid_voyager,SHIP,"The Intrepid class represents Starfleet’s drive toward compact, high-efficiency science cruisers—conceived as an agile, highly automated counterpart to massive capital ships like the Galaxy class. Defined by its signature variable-geometry warp nacelles and aerodynamic hull, the class was engineered for extreme warp speeds, deep-space survey work, and independent long-duration deployments. No starship better validated this design philosophy than the USS Voyager, which turned a catastrophic stranding 70,000 light-years from home into a legendary seven-year odyssey across the uncharted Delta Quadrant under Captain Kathryn Janeway.

Though operating with a crew of under two hundred personnel, Voyager packed state-of-the-art technological breakthroughs into its compact frame, pioneer-testing organic bio-neural computer circuitry and emergency holographic medical programs. Forced to survive entirely without Starfleet resupply or repair facilities, the vessel's adaptable laboratories and custom-built Astrometrics lab became vital survival instruments. Voyager mapped vast swathes of unknown space, executed dozens of historic First Contacts, and routinely retrofitted local technologies to navigate unprecedented cosmic anomalies.

Speed and evasion served as the vessel's primary defensive doctrine, allowing it to bypass dangerous territories and disengage from overwhelming armadas. Yet years of relentless skirmishes with hostile Delta Quadrant powers—and repeated, direct engagements with the Borg Collective—morphed the vessel from a swift scout into an extraordinarily resilient survival machine. By the time it forced a path back to Earth, Voyager had accumulated unprecedented combat data and experimental upgrades, returning as one of the most battle-tested platforms in naval history.

Tactically, the Intrepid class relies on superior speed and precise firing arcs rather than brute force. Full-coverage phaser arrays and high-capacity torpedo launchers give it excellent point defense and strike capability for its size, while its high sub-light acceleration makes it difficult for heavier warships to lock target arrays. In any operational theater, the class excels as a high-speed skirmisher, deep-reconnaissance lead, and rapid-response scientific interdictor.",,,,,,,
fed_ambassador_enterpriseC,SHIP,"The Ambassador class bridges the gap between the Excelsior and Galaxy generations, representing Starfleet’s mid-24th-century transition toward massive, long-range capital ships built to project authority, diplomacy, and defensive power. As the premier flagship of her era, the USS Enterprise-C under the command of Captain Rachel Garrett redefined Starfleet’s vision of an exploration cruiser—combining impressive scale with the gravitas required to act as an independent instrument of Federation policy.

Designed to operate far beyond established borders for years without resupply, the vessel features expansive internal volume, heavy-duty sensor arrays, and versatile laboratory spaces. Beyond her scientific infrastructure, the ship was engineered as a premier diplomatic platform, housing extensive conference facilities and environmental suites capable of hosting complex multi-species summits. Her mere presence in volatile sectors signaled both Federation goodwill and unyielding resolve.

The Enterprise-C’s legacy as a hero ship was forever forged in 2344 during the tragic defense of Narendra III. Responding to a desperate distress call from a Klingon outpost under siege by four Romulan warbirds, Captain Garrett maneuvered her ship into a battle against impossible odds. Though the Enterprise-C was destroyed in the engagement, this selfless act of valor demonstrated Starfleet’s honor to the Klingon High Council, averting an impending galactic war and cementing the historical peace alliance between the Federation and the Klingon Empire.

Tactically, the Ambassador class remains a resilient and formidable capital combatant. Reinforced by heavy mid-24th-century shielding, high-capacity phaser arrays, and broad torpedo coverage, the design was built to absorb relentless punishment while delivering steady, lethal counter-fire. Though less agile than the starships that succeeded her, her extraordinary structural durability and battleline presence allow her to hold the line against cruiser-class fleets and fight far past the point of catastrophic hull damage.",,,,,,,
fed_enterpriseD,SHIP,"The Galaxy class represents the pinnacle of Starfleet’s 24th-century design philosophy—a true deep-space exploration cruiser built on an unprecedented capital-ship scale. Conceived as the successor to the Ambassador class, it was engineered to serve as a self-contained instrument of Federation authority, capable of operating for years beyond established borders without resupply. As the flagship of Starfleet, the USS Enterprise-D perfected this role, becoming the preeminent symbol of peace, scientific curiosity, and defensive resolve across the galaxy under the command of Captain Jean-Luc Picard.

Designed for long-duration independent deployments, the vessel pairs immense internal volume with state-of-the-art sensor arrays, advanced computing cores, and unmatched power generation. It functions as a mobile institution, housing dozens of specialized research laboratories alongside luxury ambassadorial suites and expansive diplomatic facilities. Throughout its storied career, the Enterprise-D hosted critical peace summits, mapped unexplored sectors, and recorded dozens of monumental First Contact encounters, defining the golden era of Federation statecraft.

Structurally, the design refines Starfleet’s classic dual-hull architecture to its absolute limit. The primary saucer and secondary stardrive sections can decouple mid-operation, originally intended to deposit civilian non-combatants to safety while leaving a dedicated tactical platform in the fight. In moments of extreme crisis, the crew of the Enterprise-D proved that this separation feature could also be wielded as an aggressive tactical maneuver, splitting enemy target locks and turning a single capital ship into a coordinated multi-vector strike pair.

While never intended strictly as a warship, the Enterprise-D stood as a formidable combatant against the quadrant's greatest threats. Armed with full-coverage Type X phaser arrays, heavy photon torpedo systems, and multi-layered shielding, it repeatedly held the line against hostile battle fleets and served as a frontline participant in encounters with the Borg Collective. Though its service ended in the Veridian system, the vessel's legacy as Starfleet's heroic flagship cemented the Galaxy class as one of the most adaptable and legendary starship designs in naval history.",,,,,,,
fed_sovereign_enterpriseE,SHIP,"The Sovereign class represents Starfleet’s post-Borg strategic paradigm shift—a compact, tactically formidable capital ship designed to balance deep-space exploration with unmatched combat capability. Conceived in the wake of the catastrophic losses at Wolf 359, it departed from the expansive ""city in space"" philosophy of the Galaxy class in favor of a streamlined, battle-ready profile. Commissioned as the new flagship under Captain Jean-Luc Picard, the USS Enterprise-E immediately inherited the responsibility of projecting Federation resolve, scientific authority, and military defense across an increasingly hostile quadrant.

While lacking the vast internal volume of its predecessor, the Enterprise-E compensated with state-of-the-art sensor suites, high-performance propulsion, and a refined generalist scientific infrastructure. It traded sprawling laboratory decks for concentrated operational efficiency, seamlessly executing high-resolution deep-space surveys and high-security diplomatic missions between fleet actions. Engineered with exceptional impulse maneuverability and structural resilience, the Sovereign rarely relies on saucer separation; instead, its unified spaceframe and redundant power grids allow it to absorb immense punishment while maintaining full battle readiness.

The vessel's legend was forged in the defining conflicts of the late 24th century. From breaking the Borg invasion fleet during the Battle of Sector 001 to exposing covert operations in the Briar Patch and enduring a brutal duel against the Reman dreadnought Scimitar in the Bassen Rift, the Enterprise-E repeatedly turned the tide of galactic events. Even when severely damaged, the flagship demonstrated an uncanny ability to survive catastrophic hull breaches and return to service under its own power, cementing its place as a symbol of Starfleet endurance.

Tactically, the Enterprise-E is one of the most lethal non-dreadnought battlecruisers in known space. Reinforced with ablative hull armor, regenerative shielding, and full-coverage Type XII phaser arrays, its offensive heart is a forward-mounted rapid-fire quantum torpedo turret. Capable of projecting devastating localized firepower, the vessel easily anchors heavy fleet formations, breaking through heavily armored battlelines and standing toe-to-toe with dedicated enemy warships.",,,,,,,
,,,,,,,,,
#Hull id - STATIONS,#type,#text1,,,,,,,
fed_starfleetMuseum,SHIP,"Originally constructed in Earth orbit as Spacedock One during the late 23rd century, this iconic mushroom-shaped orbital facility spent decades serving as Starfleet's primary repair yard, flagship staging hub, and central command station for Sol Sector operations. Following the deployment of larger, modern orbital infrastructure around Earth in the early 25th century, the historic station was spared from dismantling. Instead, it was decommissioned from frontline service and towed across interstellar space to the quiet isolation of the Athan Prime system, where it was permanently re-anchored and transformed into the official Starfleet Fleet Museum.

Now occupying a peaceful orbit around Athan Prime, the station functions as a high-security preservation facility, active restoration shipyard, and historical vault. Its sprawling internal bays, external drydock cradles, and specialized environmental containment fields are engineered to halt material decay, stabilize volatile legacy power grids, and preserve historic hull alloys across centuries. Equipped with industrial repair gantries, legacy replicator matrices, and extensive engineering archives, the facility retains the rare capacity to service and restore starships ranging from early warp prototypes to massive 24th-century capital cruisers.

Under the curatorship of Commodore Geordi La Forge and his specialized restoration team, the Fleet Museum operates as both a working engineering depot and a living memorial to Federation heritage. Despite its primary mission of historical preservation, the station remains a heavily fortified platform—defended by multi-layered shield grids, high-output tractor arrays, and autonomous security protocols to protect its priceless contents from hostiles and scrap raiders. Spacedock One stands as an enduring monument to generations of deep-space exploration, embodying the physical history and engineering triumphs of Starfleet.",,,,,,,
,,,,,,,,,
,,,,,,,,,
#id,#type,#text1,text2,text3,text4,notes,,,
saucer_separation,SHIP_SYSTEM,"Depending on the ship involved, it could be a purpose built tactical function or a life-saving measure. For the Galaxy Class, the saucer separation was a feature included to save civillian life aboard the ship and allow the Stardrive to be the tactical/military vessel. However, both could be used in unison for tactical advantages. Using this system with a Galaxy class seperates the stardrive from the saucer section. You get two fully combat capable ships for the price of one.",,A starship can split into different portions allowing the sections to both fight in unison. This creates another target for enemies to attack and another ship to help in a tactical situation. ,,,,,
enterpriseD_separation,SHIP_SYSTEM,"Originally codified in Starfleet doctrine as a emergency evacuation protocol—designed to deposit non-combatant families safely clear of engagement zones while the Stardrive Section entered high-intensity combat—the system was famously re-engineered into a high-stakes force multiplier by the crew of the USS Enterprise-D.

From its maiden trial during the Farpoint crisis to the desperate defense against the Borg at Sector 001, the Enterprise-D repeatedly proved that hull division was far more than an escape hatch. By executing mid-combat decoupling, Captain Picard and Commander Riker transformed a single exploratory flagship into a multi-vector strike group—utilizing the Saucer as an auxiliary command battery while the Stardrive section flanked and harried enemy battle lines.

> Triggers immediate hull separation, splitting the vessel into two distinct, AI-controlled combat entities: a heavily shielded Saucer Section and a high-mobility, heavy-ordnance Stardrive Section.
> Doubles active weapon arcs and tactical presence, forcing enemy target locks to split between two capital-tier threats.
",,A starship can split into different portions allowing the sections to both fight in unison. This creates another target for enemies to attack and another ship to help in a tactical situation. ,,,,,
reflex_shields,SHIP_SYSTEM,"A United Federation of Planets defensive system designed to prioritize reaction speed over brute force. Reflex Shields dynamically modulate shield harmonics to deflect incoming projectiles and missiles while reducing the impact of sustained energy fire. Excess beam energy is redirected back toward attackers as disruptive electromagnetic arcs, briefly turning hostile fire into a liability.",,"Adaptive shield system that deflects projectiles, disrupts missiles, and redirects beam energy back at attackers.",,,,,
polarized_hull,SHIP_SYSTEM,"A United Federation of Planets defensive system that temporarily realigns a ship’s hull and armor lattice at the molecular level. When activated, the hull structure becomes polarized, dispersing incoming force and significantly reducing structural damage. Polarized Hull is designed for short-duration survivability under heavy fire, allowing Federation vessels to endure concentrated attacks long enough to reposition or disengage.",,emporarily polarizes hull and armor to sharply reduce incoming structural damage.,,,,,
self_destruct,SHIP_SYSTEM,"A United Federation of Planets last resort denial system, authorized only under extreme combat conditions. Upon activation, the vessel initiates a controlled overload of its power core and structural containment fields. After a brief countdown, the ship detonates in a massive high-energy blast, inflicting severe explosive and electromagnetic damage to all nearby targets. The initiating vessel is completely destroyed, preventing capture or recovery and denying the enemy any strategic gain.",,Initiates a short countdown before destroying the ship in a massive area?effect explosion.,,,,,
reactor_ejection,SHIP_SYSTEM,"An emergency containment and survival system developed by the United Federation of Planets for vessels operating beyond immediate support range. When activated, the ship forcibly ejects its primary reactor assembly away from the hull, rapidly clearing the vessel of a critical containment failure risk. This procedure permanently disables the system and removes specialized reactor hardware, but allows the ship to survive catastrophic overload, capture, or cascading internal damage that would otherwise be fatal.",,"jects the ship’s reactor in an emergency, preventing catastrophic failure at permanent cost.",,,,,
holographic_fleet,SHIP_SYSTEM,"Advanced vessel have holoemitters installed just beneath the armor plating of the hull. These emitters are powerful enough to create effective fleets. However the power requirements to sustain a fleet is enormous. Often times, these fleets are created by stations. The holographic fleets are capable of inflicting real-world damage to enemy vessels as if they were true starships. It's an emergency measure by stations to shore up defense against enemy fleets. ",,,,,,,
,,,,,,,,,
impulse_overload,SHIP_SYSTEM,"A high intensity Federation propulsion protocol that temporarily pushes impulse systems beyond standard operational limits. When engaged, engine output and acceleration surge while defensive field modulation reduces incoming shield stress and prevents critical engine damage. Visual feedback and escalating system strain reflect the sustained power draw, making precise timing essential. Designed for rapid repositioning and decisive maneuvers, Impulse Overload exemplifies Federation engineering’s balance between performance, control, and calculated risk.",,"Temporarily overdrives Federation impulse systems, sharply increasing speed and acceleration while reducing shield stress and preventing engine damage.",,,,,
,,,,,,,,,
sensorPod_system,SHIP_SYSTEM,"A Federation combat coordination suite that integrates enhanced sensor resolution, predictive targeting, and fleetwide data sharing. When activated, allied vessels benefit from extended engagement ranges and improved battlefield awareness, while real-time threat analysis enables brief windows of heightened offensive effectiveness. Advanced sensor sweeps may also disrupt hostile cloaking systems, exposing concealed targets. Designed to amplify fleet cohesion and information superiority, this system embodies the Federation doctrine of precision through awareness.",,"Enhances allied sensor coverage and weapon range, periodically improving fleet firepower and disrupting hostile cloaking systems.",,,,,
surveyor_sensors,SHIP_SYSTEM,"A Federation fleet coordination system that links sensor, targeting, and defensive telemetry across nearby allied vessels. When activated, the host ship gains improved maneuverability, survivability, and situational awareness, while acting as a data relay that enhances allied weapon effectiveness, engagement range, and defensive response. By synchronizing sensor returns and fire control solutions in real time, this system reinforces Federation doctrines centered on mutual support, formation fighting, and coordinated force projection.",,"Boosts the host ship’s mobility and defenses while enhancing nearby allied firepower, range, and sensor coverage.",,,,,
synced_sensors,SHIP_SYSTEM,"A Federation tactical scanning mode adapted from long-range exploration and survey platforms. When engaged, the ship projects enhanced sensor coverage across the fleet, extending detection ranges and improving beam weapon effectiveness through refined targeting data. The system also performs a focused defensive recalibration on the host vessel, restoring shield integrity at the moment of activation. Surveyor Scanning emphasizes battlefield awareness and measured engagement, favoring precision and preparation over brute force.",,"Projects enhanced sensor coverage to allied ships, improves beam targeting, and restores shield integrity on activation.",,,,,
,,,,,,,,,
proximity_torpedo_launcher,SHIP_SYSTEM,"A Federation missile guidance enhancement that enables allied warheads to detonate automatically when entering lethal proximity to enemy vessels. By triggering high-energy detonations before direct impact, the system increases effectiveness against agile or heavily shielded targets and creates localized blast zones capable of damaging nearby ships. Proximity Detonation improves missile reliability in dense or chaotic engagements, prioritizing area denial and guaranteed damage.",,"Enables allied missiles to detonate near enemy ships, creating high?damage blast zones.",,,,,
critical_photon,SHIP_SYSTEM,"A specialized Federation strike protocol that authorizes the immediate release of pre?loaded photonic torpedoes through dedicated system launchers. When activated, the ship executes a coordinated forward salvo designed to overwhelm enemy defenses at a decisive moment. This system favors timing and positioning over sustained fire, reflecting Federation doctrines that emphasize controlled escalation and precise application of force.",,Launches a coordinated volley of photonic torpedoes from dedicated system launchers.,,,,,
impulse_diversion,SHIP_SYSTEM,"A controlled power diversion protocol that channels shipwide energy reserves into select pulse and phaser weapon systems. While active, propulsion output is deliberately reduced to stabilize firing solutions, allowing supported weapons to deliver massively amplified damage. The resulting energy saturation is visually apparent across the ship’s hull and weapon emitters, marking the vessel as a high-threat target. This system rewards deliberate positioning and commitment, trading mobility for overwhelming firepower.",,"Diverts power to select weapons, greatly increasing their damage at the cost of ship mobility.",,,,,
,,,,,,,,,
shield_battery,SHIP_SYSTEM,"A dedicated Federation emergency power reserve designed to rapidly restore defensive capability in critical situations. When activated, the system diverts stored energy directly into the shield grid, immediately reconstituting a significant portion of shield strength and forcibly re?engaging disabled emitters. Emergency Shield Battery is intended as a last?resort stabilization measure, allowing a ship to survive sudden shield collapse and re?enter the fight under extreme pressure.",,Instantly restores a large portion of shield strength and reactivates disabled shields.,,,,,
command_authority,SHIP_SYSTEM,"A high-level Federation command protocol that temporarily elevates the host ship to battlefield command status. While active, allied vessels within range receive improved defensive resilience and extended engagement reach, while the command ship itself becomes heavily fortified at the cost of reduced mobility. Automated tactical directives reorganize nearby ships into defensive and escort formations, and command limitations are effectively removed, allowing rapid and continuous issuance of orders. Command Authority embodies Federation leadership doctrine: centralized control, coordinated action, and overwhelming tactical clarity.",,"Assumes battlefield command, fortifying allied ships, enforcing formations, and removing command limitations while active.",,,,,
picard_maneuver,SHIP_SYSTEM,"A legendary Federation tactical maneuver that combines a short?range warp displacement with a precisely timed offensive surge. When activated, the ship momentarily vanishes and reappears at a new position, disrupting enemy targeting solutions while delivering enhanced weapon firepower. Defensive systems are hardened against conventional and electromagnetic damage during execution, allowing the ship to survive the extreme stresses involved. This maneuver rewards decisive timing, aggressive repositioning, and command?level situational awareness.",,"Instantly displaces the ship to a new position, boosting weapon damage and reducing incoming damage during execution.",,,,,
field_repairs,SHIP_SYSTEM,"A Federation combat repair protocol that coordinates onboard repair teams, automated drones, and adaptive power routing to sustain ships during prolonged engagements. While active, nearby allied vessels receive continuous hull reinforcement and reduced armor damage, supported by visible repair activity. The host ship benefits from enhanced mobility, reduced structural damage, and an immediate burst of armor and shield restoration upon activation. Field Repairs trades logistical resources for battlefield endurance, emphasizing Federation doctrines of resilience, mutual support, and sustained operations.",,Provides continuous hull repairs and armor protection to nearby allies while reinforcing the host ship’s defenses and mobility.,,,,,
command_coordination,SHIP_SYSTEM,"A Federation fleet support protocol designed to stabilize allied formations under heavy fire. When engaged, the host ship projects a coordination field that enhances nearby allied defenses, improves weapon reach, and restores shield integrity. The system also initiates emergency structural repairs on the host vessel, reinforcing armor, hull, and shields simultaneously. Support Coordination emphasizes endurance and cohesion, enabling Federation task groups to absorb sustained damage while maintaining combat effectiveness.",,"Enhances nearby allied defenses and weapon range while restoring armor, hull, and shields on the host ship.",,,,,
,,,,,,,,,
veteran_protocols,SHIP_SYSTEM,"Activates advanced combat protocols honed by veteran crews. While active, weapon damage is boosted, engines respond faster, and the ship gains adaptive defenses: shields and hull become increasingly resistant as they take damage. Ideal for turning the tide in prolonged engagements.

While active:
• Beam, Missile, and Ballistic weapon damage +15%
• Maximum speed +5%, turn acceleration +10%
• Shields gain up to +15% damage resistance as shield HP decreases
• Hull gains up to +25% damage resistance as hull integrity decreases",Special,"Boosts weapon damage, speed, and turn rate. Shields and hull gain scaling resistance as integrity drops.",,,,,
tractorBeam,SHIP_SYSTEM,"Projects a focused graviton tractor beam that locks onto a targeted ship, dramatically reducing its mobility. Increases the target’s speed, acceleration, deceleration, and maneuverability penalties by up to %s based on relative ship mass and system strength.

Heavier ships exert far greater stopping power, allowing capital and cruiser-class vessels to pin down smaller targets with brutal efficiency. Lighter ships can still interfere with enemy movement, but with reduced effectiveness against larger hulls.

Inspired by classic Starfleet tractor beam doctrine, this system is designed for battlefield control rather than raw damage. By restraining hostile vessels, it enables precise kills, prevents disengagement, and creates opportunities for coordinated fleet actions—true to its long-standing role in Star Trek naval combat doctrine.",,A ring of defense drones around the stattion.,,,,,
gravity_well,SHIP_SYSTEM,"Generates a localized gravity well centered on the activating ship, exerting a powerful pull on nearby enemy vessels. Reduces enemy speed and maneuverability by up to %s within the affected radius, with strength increasing as targets move closer to the core of the distortion.

Ships caught too near the emitter are violently repelled, preventing dangerous collisions while keeping hostile vessels trapped in an unstable orbital flow. Heavier ships project a stronger gravitational influence, allowing larger hulls to dominate the battlespace and disrupt enemy formations with ease.

Inspired by experimental graviton and subspace distortion weapons seen throughout Star Trek, gravity well technology is less about raw destruction and more about control. By warping local spacetime, this system pins enemies in place, breaks coordinated maneuvers, and turns the surrounding space itself into a weapon.",,,,,,,
,,,,,,,,,
,,,,,,,,,
station_utopiaPlanitia,CUSTOM,A famous station that is a visible part of the Utopia Planitia Shipyards. It's one of the primary stations used for ship construction. Major R&D take place at this station. It also serves as a staging ground for transport to surface facilities that build portions of starships. The station also coordinates with nearby drydocks surrounding the station. Some of the most important engineers in Starfleet have visited and/or served at Utopia Planitia Shipyards and likely were stationed aboard this particular facility. ,,Utopia Planitia is a vital resource to the United Federation of planets. This station is filled with the finest minds and researchers within the Federation.,,,,,
station_mcKinley,CUSTOM,"At this station, one of the most famous ships in the Federation, the USS Enterprise D was once docked. It does not only serve Galaxy class vessels, but other ships as well. However, the station itself is perfect for Galaxy class ships docking. It's able to allow docking of large ships by it's moveable arms, that can spread out and close in to clamp and safely harbor a vessel. A station of this class is capable of both repairing and building ships, though it's often seen by Sol system visitors, doing more repairs than building. ",,McKinley station is a resource capable of building and repairing ships with it's extensive facilities. ,,,,,
station_orbital_complex,CUSTOM,"One of the Federation's most enduring stations, the orbital complex is a station with multipurpose use. It has been used as a staging area, command center, center defense point, research station, outpose, and more. It can even serve as a temporary habit station. It's a vital station design that has endured the test of time and continues to see use. However, almost all stations come with no defenses save fora few deployable fighters and auxiliary craft. In order to shore up defense, often times, defense platforms are station near these stations when needed. Stations near the core Federation worlds likely do not have defense platforms but vunerable ones often do.",,,,,,,
station_regulaType,CUSTOM,"The Regula Station type is perhaps one of the most well-known stations in within the Federation. The Orbital Complex owes a lot of it's design to the Regula station. These stations often serve as outposts and starbases. However because of it's design, these stations are limited in their defenses. They are supported by nearby vessels and launchable fighters. Most Regula Type stations are employed for research use. For many researchers, they call this station home for years, even though it's not the greatest and most spacious of stations. Notable, many have been lost or destroyed wtihout fanfare, oftentimes by their own research or pirates. ",,,,,,,
station_jupiterType,CUSTOM,"The Jupiter-class station is a highly-modular research installation found in many different configurations around the Federation. First constructed in the 2330s, this design is one of the most common space stations in Federation space because of its ease of construction and versatility. These stations do not come with armanents since they are mostly research stations and serve as supply and fuel depots. As such, they rely heavily on support from fleets. Another option is deploying defense platforms for the station, usually phaser and torpedo platforms that take on the role of defense for the station. Even so, employing these stations as defense platforms isn't really a go to.",,,,,,,
station_drydock,CUSTOM,"Drydocks are specialized stations used to construct, repair, and refit starships, and Starfleet in particular uses the term specifically for these open-frame facilities rather than just applying it to any place that builds ships. This one would be classified as a Class-7 Drydock—or a Class-4 for its predecessor that looks virtually the same—and it's actually the most common drydock in the entire fleet today. Dating back to the 2270s, it was originally built to handle ships up to the size of a Constitution-class cruiser, but nowadays it’s the go-to for servicing most light cruisers and anything smaller. Since space is a rough place with radiation and cosmic debris being a constant concern, these stations are essential for sheltering a ship from the elements and supplying it with outside power during those long-term projects. They’re a much better choice for extensive refits that might take months or even years, which is a better use of resources than taking up a berth inside a massive spacedock. Basically, if your ship just needs fuel or supplies, you’d probably head to a starbase, but if you’re looking for new engines or more extensive repairs, a Class-7 is where you're going to end up.",,,,,,,
station_advancedDrydock,CUSTOM,"Some might refer to this station as an Advanced Drydock due to its sleek looks, but this station is actually a Class-9 drydock. It features a cage-like frame that is simpler in form than the heavy Class-10, yet it has become the standard facility for Starfleet since it can handle any starship class in current service. Like any other drydock, it's fully capable of constructing, repairing, or refitting vessels, and it has notably been seen servicing Sovereign-class ships, which shows it can handle the fleet's larger starships with ease. It even has specialized docking ports that can connect directly to a starship’s shuttle bay for those long-term, extensive repairs where you really need a direct link. When it isn’t occupied by a large vessel, the station is capable of servicing multiple smaller vessels like frigates or escorts at the same time, though its efficiency is a bit diminished in that setup. It also includes habitable command and engineering modules on the upper levels and ends of the frame, allowing the crew to stay on-site while they get the job done, making it a very versatile part of any shipyard.",,,,,,,
station_pras_mansion,CUSTOM,"No one knows how, but a single man came into ownership of an entire station of his own. The mysterious Mr. Pras owns one of the most lavish ""Mansion"" type stations in the Federation. Being affliated with the Federation, many vessels dock and vist this lavish station, filled to the brim with riches Mr. Pras has acquired in short time. Generous in nature, Mr. Pras allows for the Federation's utopian style ruling and economy aboard his station. However, this luxury is only afforded to Federation citizens. If you are not a Federation citizen, you gotta pay. 

Only a small portion of the station is accessible to the public visiting, docking, and repairing their vessels. This habitable area is what is seen by most people to visit Mr. Pras' mansion. The rest of the station is filled with Mr. Pras' collections over the years. There are even valuable small vessels stored in docks aboard the station. There are dangerous technologies and even personal R&D labs to develop ... ""legal"" technologies for his own benefit. 

Be wary, attacking this station will result in death. ",,,,,,,
station_spacedock,CUSTOM,"The Spacedock type was a large Federation space station design utilized by Starfleet beginning in the 23rd century which continued to be used throughout the 24th century and into the 25th century. The Spacedock-type had a massive layout that was designed to harbor numerous starships inside its upper, mushroom-shaped section. The interior docking bay could be accessed by four pairs of large space doors evenly spaced along the outer hull. Each set of space doors was located directly between two of the docking structures located inside.Spacedock-type stations were capable of major starship refits as well as repairs and could also serve as personnel hubs for crew rotations.The station was equipped with phasers for defense, which were mounted in twin banks of four emitters each. They were retracted beneath hull plating when not in use.",,,,,,,
station_spacedockMuseum,CUSTOM,"Originally constructed in Earth orbit as Spacedock One during the late 23rd century, this iconic mushroom-shaped orbital facility spent decades serving as Starfleet's primary repair yard, flagship staging hub, and central command station for Sol Sector operations. Following the deployment of larger, modern orbital infrastructure around Earth in the early 25th century, the historic station was spared from dismantling. Instead, it was decommissioned from frontline service and towed across interstellar space to the quiet isolation of the Athan Prime system, where it was permanently re-anchored and transformed into the official Starfleet Fleet Museum.

Now occupying a peaceful orbit around Athan Prime, the station functions as a high-security preservation facility, active restoration shipyard, and historical vault. Its sprawling internal bays, external drydock cradles, and specialized environmental containment fields are engineered to halt material decay, stabilize volatile legacy power grids, and preserve historic hull alloys across centuries. Equipped with industrial repair gantries, legacy replicator matrices, and extensive engineering archives, the facility retains the rare capacity to service and restore starships ranging from early warp prototypes to massive 24th-century capital cruisers.

Under the curatorship of Commodore Geordi La Forge and his specialized restoration team, the Fleet Museum operates as both a working engineering depot and a living memorial to Federation heritage. Despite its primary mission of historical preservation, the station remains a heavily fortified platform—defended by multi-layered shield grids, high-output tractor arrays, and autonomous security protocols to protect its priceless contents from hostiles and scrap raiders. Spacedock One stands as an enduring monument to generations of deep-space exploration, embodying the physical history and engineering triumphs of Starfleet.",,,,,,,
,,,,,,,,,
phaser_typeVIII,WEAPON,"Phaser technology is a common energy weapon used by multiple powers in the Star Trek universe. The output and ability of a phaser is versatile, as the Federation uses phasers are more than a weapon, but a tool. phasers operate by the application of the so-called “rapid nadion effect (RNE),” using nadions to amplify the effect of superconducting crystals to create a coherent and highly-controllable beam of energy to create effects ranging from heating targets to causing targets to lose molecular cohesion entirely. 

The Type VIII Phaser Turret is a weapon mounted on older vessels, usually those that predate the phaser strip technology. The Type VIII benefits from the advent of phaser technology pulling power directly from the warp core. The Type VIII phaser is a substantial upgrade from the former Type VII phaser turret. However, in this modern age, the Type VIII phaser is showing its age, being left behind by phaser strip technology and Type X phaser output. 
Regardless, the Type VIII is still somewhat formidable, especially against lesser powers in the Star Trek universe. ",,,,,,,
phaser_typeVIII_medium,WEAPON,"Designed to fit on vessels smaller than a ship like the Excelsior class, this phaser operates on much the same principle as the original Type VIII. The cost, is slightly less weapon output in comparison to the full output Type VIII phaser turret. These phaser turrets are mainly found, mounted on vessels of the same age as the Excelsior class. ",,,,,,,
phaser_typeVIII_mega,WEAPON,"A mega version of the Type VIII phaser turret. This weapon is extremely potent and powerful, but still built on the original Type VIII's full potential. It remains a formidiable weapon in the newer age but does not provide the versatility of phaser strips and the turrets are rather massive, requiring attachment by means of a rollbar, like the Miranda class. They're unwiedly weapons in the long wrong, despite their impressive weapon output. ",,,,,,,
,,,,,,,,,
phaser_typeIX_small,WEAPON,"The unfortunate truth, is, not all ships are the same size. Ships serve a purpose. The same is true with their weapons. Type IX phasers are a successful platform. However, reverting to Type VIII turrets for smaller ships when the Type IX phaser was available, was a problem. So Starfleet R&D, further scaled down the technology. The result is smaller Type IX phaser strips. It's a substantial power loss but not to the point that there would be no benefit in using the Type IX arrays. The primary benefit is the incredble coverage offered by the arrays + the increased output in comparison to Type VIII turrets. ",,,,,,,
phaser_typeIX_medium,WEAPON,"Type IX phaser technology proved to be a success, but it was and is costly to implement the full sized structure of the strips on every vessel. Medium size vessels often times employ the usuage of Type IX strips, scaled dfown. The costs a bit of weapon output power, but  overall, a highly efficent weapon.",,,,,,,
phaser_typeIX,WEAPON,"Phaser technology is a common energy weapon used by multiple powers in the Star Trek universe. The output and ability of a phaser is versatile, as the Federation uses phasers are more than a weapon, but a tool. phasers operate by the application of the so-called “rapid nadion effect (RNE),” using nadions to amplify the effect of superconducting crystals to create a coherent and highly-controllable beam of energy to create effects ranging from heating targets to causing targets to lose molecular cohesion entirely. 

Type IX phasers proceed the Type X phaser and area really considered a prototype technology, with the  Type X phaser proving to be the true design intended. Type IX phasers a very powerful regardless of their prototype positiioning. They are powerful, efficent, and provide coverage where phaser turrets fail. Type IX phasers wholly outclass Type VIII phasers entirely. However, principles of previous technology is still applied in the design of Type IX phaser strips. For instance, Type IX stills pulls power directly from the warp core in order to use the weapon. This greatly increases the output of the weapon.",,,,,,,
,,,,,,,,,
phaser_typeX,WEAPON,"Phaser technology is a common energy weapon used by multiple powers in the Star Trek universe. The output and ability of a phaser is versatile, as the Federation uses phasers are more than a weapon, but a tool. phasers operate by the application of the so-called “rapid nadion effect (RNE),” using nadions to amplify the effect of superconducting crystals to create a coherent and highly-controllable beam of energy to create effects ranging from heating targets to causing targets to lose molecular cohesion entirely. 

The Type-X phaser array was developed for the Galaxy-class explorer and remains the standard phaser design in use for the majority of Starfleet's modern starships, especially those that are not regularly assigned to defensive 
missions. This type of array is powerful enough to go toe-to-toe with any Alpha or Beta quadrant power's vessels. most starships equipped with them do not have the power to use them at their full potential.",,,,,,,
phaser_typeX_medium,WEAPON,"The Type-X phaser remains versatile. Though medium-sized vessels are incapable of pulling and outputting the maximum potential of the Type-X phaser, with a sufficent enough power plant installed, these phasers remain lethal in combat, while maintaining their ability to be versatile in numerous applications. ",,,,,,,
phaser_typeX_small,WEAPON,"Smaller vessels with Type X phaser strips installed are not able to output the max value of larger capital vessels with Type-X strips installed. Still, they remain formidable as a weapon smaller vessels. The total output is enough to beat back pirates with ease and keep smaller powers from messing with a vessel with this weapon installed. The Type-X remains not only a weapon but a tool in the hands of a proper captain. ",,,,,,,
,,,,,,,,,
pulse_phaser_typeIV,WEAPON,"Built off the Pulse Phaser technology, it's been scaled down to fit aboard small auxiliary craft. The cost of the scaling is lower overall output, but that is to be expected from the small power plants available to auxiliary craft.",,,,,,,
pulse_phaser_typeX,WEAPON,"Phaser technology is a common energy weapon used by multiple powers in the Star Trek universe. The output and ability of a phaser is versatile, as the Federation uses phasers are more than a weapon, but a tool. phasers operate by the application of the so-called “rapid nadion effect (RNE),” using nadions to amplify the effect of superconducting crystals to create a coherent and highly-controllable beam of energy to create effects ranging from heating targets to causing targets to lose molecular cohesion entirely. 

This weapon use Type-X technology, a predecssor before it's intended form. Using Type-X technology, the phaser is concentrated and fired from a barrel to focus the concentrated energy. The makes the resulting output a pulse. As the barrel has a narrow arc, the weapon must be facing it's enemy to be effective. As such, the Pulse Phaser is mounted aboard small nimble ships that can maintain a constant lock on larger vessels. ",,,,,,,
,,,,,,,,,
,,,,,,,,,
station_phaser_typeX,WEAPON,"Using Type-X technology, the power fed to these strips is enormous. As discovered, the full potential isn't really found on large vessels like a Galaxy class but stations with massive power plants, capable of feeding what seems to be limitless energy to the phaser strips. A station becomes a deadly platform of system defense with these powerful strips installed.",,,,,,,
,,,,,,,,,
photonTorpedo_standard,WEAPON,"Photon torpedoes are the most common type of torpedo weapon encountered across the Milky Way due to the fact that their method of operation is derived from the matter/antimatter reactors that power the majority of warp capable starships in the galaxy. All photon torpedoes contain matter and antimatter held in suspension. When contact is achieved with the target, the suspension fields deactivate to allow the reactants to combine, which results in an explosion as the matter and antimatter annihilate one another and create pure energy. The sophistication of these weapons varies, as does their yield. 

This launches x4 photon torpedoes from the launcher. There are 250 Photon Torpedoes stored aboard the vessel.",,,,,,,
,,,,,,,,,
photonTorpedo_micro,WEAPON,"Photon torpedoes are the most common type of torpedo weapon encountered across the Milky Way due to the fact that their method of operation is derived from the matter/antimatter reactors that power the majority of warp capable starships in the galaxy. All photon torpedoes contain matter and antimatter held in suspension. When contact is achieved with the target, the suspension fields deactivate to allow the reactants to combine, which results in an explosion as the matter and antimatter annihilate one another and create pure energy. The sophistication of these weapons varies, as does their yield. 

The micro photon is often found on auxiliary craft and possess a low detonation yield. This launches x1 photon torpedoes from the launcher. There are 12 Photon Torpedoes stored aboard the vessel.",,,,,,,
photonTorpedo_critical,WEAPON,Data pending … … …,,,,,,,
,,,,,,,,,
photonTorpedo_x1_standard_small,WEAPON,"Photon torpedoes are the most common type of torpedo weapon encountered across the Milky Way due to the fact that their method of operation is derived from the matter/antimatter reactors that power the majority of warp capable starships in the galaxy. All photon torpedoes contain matter and antimatter held in suspension. When contact is achieved with the target, the suspension fields deactivate to allow the reactants to combine, which results in an explosion as the matter and antimatter annihilate one another and create pure energy. The sophistication of these weapons varies, as does their yield. 

This launches x1 photon torpedoes from the launcher. There are 20 Photon Torpedoes stored aboard the vessel.",,,,,,,
photonTorpedo_x1_standard_medium,WEAPON,"Photon torpedoes are the most common type of torpedo weapon encountered across the Milky Way due to the fact that their method of operation is derived from the matter/antimatter reactors that power the majority of warp capable starships in the galaxy. All photon torpedoes contain matter and antimatter held in suspension. When contact is achieved with the target, the suspension fields deactivate to allow the reactants to combine, which results in an explosion as the matter and antimatter annihilate one another and create pure energy. The sophistication of these weapons varies, as does their yield. 

This launches x1 photon torpedoes from the launcher. There are 20 Photon Torpedoes stored aboard the vessel.",,,,,,,
photonTorpedo_x1_standard,WEAPON,"Photon torpedoes are the most common type of torpedo weapon encountered across the Milky Way due to the fact that their method of operation is derived from the matter/antimatter reactors that power the majority of warp capable starships in the galaxy. All photon torpedoes contain matter and antimatter held in suspension. When contact is achieved with the target, the suspension fields deactivate to allow the reactants to combine, which results in an explosion as the matter and antimatter annihilate one another and create pure energy. The sophistication of these weapons varies, as does their yield. 

This launches x1 photon torpedoes from the launcher. There are 50 Photon Torpedoes stored aboard the vessel.",,,,,,,
,,,,,,,,,
photonTorpedo_x2_standard_medium,WEAPON,"Photon torpedoes are the most common type of torpedo weapon encountered across the Milky Way due to the fact that their method of operation is derived from the matter/antimatter reactors that power the majority of warp capable starships in the galaxy. All photon torpedoes contain matter and antimatter held in suspension. When contact is achieved with the target, the suspension fields deactivate to allow the reactants to combine, which results in an explosion as the matter and antimatter annihilate one another and create pure energy. The sophistication of these weapons varies, as does their yield. 

This launches x2 photon torpedoes from the launcher. There are 50 Photon Torpedoes stored aboard the vessel.",,,,,,,
photonTorpedo_x2_standard,WEAPON,"Photon torpedoes are the most common type of torpedo weapon encountered across the Milky Way due to the fact that their method of operation is derived from the matter/antimatter reactors that power the majority of warp capable starships in the galaxy. All photon torpedoes contain matter and antimatter held in suspension. When contact is achieved with the target, the suspension fields deactivate to allow the reactants to combine, which results in an explosion as the matter and antimatter annihilate one another and create pure energy. The sophistication of these weapons varies, as does their yield. 

This launches x2 photon torpedoes from the launcher. There are 50 Photon Torpedoes stored aboard the vessel.",,,,,,,
,,,,,,,,,
photon_torpedo_type6_s,WEAPON,"Photon torpedoes are the most common type of torpedo weapon encountered across the Milky Way due to the fact that their method of operation is derived from the matter/antimatter reactors that power the majority of warp capable starships in the galaxy. All photon torpedoes contain matter and antimatter held in suspension. When contact is achieved with the target, the suspension fields deactivate to allow the reactants to combine, which results in an explosion as the matter and antimatter annihilate one another and create pure energy. The sophistication of these weapons varies, as does their yield. 

This launches x2 photon torpedoes of slightly higher detonation yield from the launcher. There are 20 Photon Torpedoes stored aboard the vessel.",,,,,,,
photon_torpedo_type6,WEAPON,"Photon torpedoes are the most common type of torpedo weapon encountered across the Milky Way due to the fact that their method of operation is derived from the matter/antimatter reactors that power the majority of warp capable starships in the galaxy. All photon torpedoes contain matter and antimatter held in suspension. When contact is achieved with the target, the suspension fields deactivate to allow the reactants to combine, which results in an explosion as the matter and antimatter annihilate one another and create pure energy. The sophistication of these weapons varies, as does their yield. 

This launches x2 photon torpedoes of slightly higher detonation yield from the launcher. There are 30 Photon Torpedoes stored aboard the vessel.",,,,,,,
,,,,,,,,,
quantumTorpedo_standard,WEAPON,"Quantum torpedoes are advanced matter/antimatter weapons that use a zero-point chamber to focus their matter/antimatter explosion to increase its yield exponentially. Like photon torpedoes, they contain two different reactants which are kept in suspension until detonation. Upon detonation, the suspension is released and the resulting explosion is channeled into a super-durable sphere to create an zero-point reaction.

This launchers x4 quantum torpedoes from the ship torpedo launcher. There are 50 quantum torpedoes stored aboard the vessel.",,,,,,,
quantumTorpedo_x1_standard,WEAPON,"Quantum torpedoes are advanced matter/antimatter weapons that use a zero-point chamber to focus their matter/antimatter explosion to increase its yield exponentially. Like photon torpedoes, they contain two different reactants which are kept in suspension until detonation. Upon detonation, the suspension is released and the resulting explosion is channeled into a super-durable sphere to create an zero-point reaction.

This launchers x1 quantum torpedoes from the ship torpedo launcher. There are 25 quantum torpedoes stored aboard the vessel.",,,,,,,
,,,,,,,,,
#Vanilla+ Data,,,,,,,,,
station_research_coalition,CUSTOM,"The appearance of the United Federation of Planets has upset the balance of the sector. In order to combat this, the factions of have created a research station to pool resources and technologies to be able to fell the Federation. However, this Coalition is merely a means to an end. It is not a true alliance. It is merely a desperate attempt to not be wiped off the map. 

Researchers are often killed aboard this station by rival factions. New or improved technologies are stolen. Schematics often go missing. Though promised not to raid, pirates appear, offering, 'protection'. Non-Affiliated researchers are pressured to join factions and make their research exclusive to the factions asking for their allegiance. 

Despite the station in-fighting of different factions working to build useful technologies, something comes out every so often. Because of the station charter, the financial beneficiaries are the researchers themselves. As such, some of the researchers are powerful and rich. They are capable of purchasing entire fleets of ships for themselves and throw their power around with great show displays. These powerful researchers are on par with faction leaders in terms of sway and military might. But they are as well, wholly smarter than 99% of every brilliant mind aboard the station and for that matter, the involved factions. 

If faction captain or leaders wish to purchase vessels, they must do so on the station. Though the station does export vessels to other factions, orders must be done aboard the station. Attempts to reverse engineer are in violation of the Coalition charter. Attempts to do so wil fail as research leaders have unique mechanisms that kill attempters aboard the vessel. Even scans of the vessel will result in blindness or death. The brilliance behind the mechanisms to keep reverse engineering impossible is vast. Over 17500 deaths have been recorded of those who attempt to reverse engineer weapons or ships produced by the Coalition.",,,,,,,
,,,,,,,,,
typeIV_laser,WEAPON,"Using the platform of the Nadion Infused Laser for capital vessels, the technology was miniaturized to be used aboard smaller vessels. However it's inefficiencies of the weapon as a platform become apparent in teh face of the increased energy cost for a smaller weapon. Oddly, the smaller weapon cost more to use than its big sister. The overall power and ability is severely under what was expected of it. Still, it achieved its primary goal of overcoming Federation immunity to laser technology. ",,,,,,,
typeV_laser,WEAPON,"Faced with the overwhelming might of Federation shields, multiple factions contributed to create a weapon that would assuredly damage the shields quickly. This laser, created in haste, is infused with nadion particles. However the method is inefficent and incomplete. Therefore, the overall power and ability is severely under what was expected of it. Still, it achieved its primary goal of overcoming Federation immunity to laser technology. ",,,,,,,
,,,,,,,,,
coalition_antishield,WEAPON,"The Coalition Research station, still researching a way to fell the United Federation, came up with another use for nadion particles. Still unable to produce phasers, the coalition turned to copying the Defiant class' pulse phasers. The experiment was a failure. However, the research bore some fruit. The Research Coalition was able to infuse metal with nadion particals. The rounds proved to be effiecent at causing damage to Federation, albeit weaker than desired. Still this method proved that the Federation was not as formidable as previously thought. Ballistic weapons still had some use. However, models do show that the maximum potential of ballistic weapons had been reached by this odd infusion. Likely, ballistic weapons would do no further damage no matter how much exotic matter is involved. ",,,,,,,
coalition_antishieldM,WEAPON,"A practicle weapon in an age of UFP dominance. True Antishield Ballistic technology is far too expensive to produce. This smaller weaker version is far more accesible to starship captanis willing to engage Federation starships. Who knows, you might get lucky!",,,,,,,
coalition_antishieldS,WEAPON,"Compared to it's bigger sister, the Reduced Antishield Ballistic, this is a seriously desperate weapon to install. It's output for damage is severely reduced in comparion to the true Antishield Ballistic weapon. While true that you can do damage to Federation shields, is it worth it? Can you melt through their shields faster than they can cleave your ship in two? This is a weapon for the paranoid and the desperate. ",,,,,,,
,,,,,,,,,
coalition_neutrino_slugS,WEAPON,"Furthering upon the research of the Coalition Research station, the Coalition Neutrino Slug was born. Infusing nadion particles with neutrino's a highly effective and damaging slug was born. Albeit much lower in effective damage than expected when facing Federation ships, the fact that ballistic weapons was doing any damage was incredible. The highly unstable technology was beyond useful now. Even if it is chip damage .... damage is damage when facing a foe like the Federation. ",,,,,,,
coalition_neutrino_slugM,WEAPON,"Furthering upon the research of the Coalition Research station, the Coalition Neutrino Slug was born. Infusing nadion particles with neutrino's a highly effective and damaging slug was born. Albeit much lower in effective damage than expected when facing Federation ships, the fact that ballistic weapons was doing any damage was incredible. The highly unstable technology was beyond useful now. Even if it is chip damage .... damage is damage when facing a foe like the Federation. 

The turret was finally made available for medium sized ships with the ability to sling slugs even harder than before. ",,,,,,,
coalition_neutrino_slug,WEAPON,"Furthering upon the research of the Coalition Research station, the Coalition Neutrino Slug was born. Infusing nadion particles with neutrino's a highly effective and damaging slug was born. Albeit much lower in effective damage than expected when facing Federation ships, the fact that ballistic weapons was doing any damage was incredible. The highly unstable technology was beyond useful now. Even if it is chip damage .... damage is damage when facing a foe like the Federation. 

The turret was finally made available for large ships with the ability to sling slugs as hard as possible for the turret design.",,,,,,,
,,,,,,,,,
neutrino_matter_launcher,WEAPON,"For the Coalition, producing photon torpedoes was out of the question. Creating anitmatter was too expensive and too difficult to scale to weapon production. So the alternative was to fuse metal balls with tiny emitters. The emitters output neutrino particles that interactive with a standard explosive. The result was an interesting explosion. It was neither extremely damage or low in yield, but the perfect weapon. It was capable of wreaking havoc against shields, armor, and hull. It excelled at nothing but did something great. It made all manner of defense negligible due to it's powerful unique explosion.

In order to create the explosive, neutrino particles are required. These can only be obtained from a nearby Neutron Star. The process is tedious but almost 50x more feasible for production compared to anti-matter. However the particles to inject into the casing + emitters is expensive. As such the weapon that launches the orbs of death are expensive in return. ",,,,,,,
neutrino_matter_launcherM,WEAPON,"For the Coalition, producing photon torpedoes was out of the question. Creating anitmatter was too expensive and too difficult to scale to weapon production. So the alternative was to fuse metal balls with tiny emitters. The emitters output neutrino particles that interactive with a standard explosive. The result was an interesting explosion. It was neither extremely damage or low in yield, but the perfect weapon. It was capable of wreaking havoc against shields, armor, and hull. It excelled at nothing but did something great. It made all manner of defense negligible due to it's powerful unique explosion.

In order to create the explosive, neutrino particles are required. These can only be obtained from a nearby Neutron Star. The process is tedious but almost 50x more feasible for production compared to anti-matter. However the particles to inject into the casing + emitters is expensive. As such the weapon that launches the orbs of death are expensive in return. 

The medium sized launcher isn't even for  economical captain. The price reduction is negligible. Howeever the damage output, due to cutting cost in neutrino injection of the casing is substantial. The output of damage is almost reduced by 20%. However, the price is not. For captain's looking to save just a few credits for rations, this is probably the weapon of choice. ",,,,,,,
neutrino_matter_launcherS,WEAPON,"For the Coalition, producing photon torpedoes was out of the question. Creating anitmatter was too expensive and too difficult to scale to weapon production. So the alternative was to fuse metal balls with tiny emitters. The emitters output neutrino particles that interactive with a standard explosive. The result was an interesting explosion. It was neither extremely damage or low in yield, but the perfect weapon. It was capable of wreaking havoc against shields, armor, and hull. It excelled at nothing but did something great. It made all manner of defense negligible due to it's powerful unique explosion.

In order to create the explosive, neutrino particles are required. These can only be obtained from a nearby Neutron Star. The process is tedious but almost 50x more feasible for production compared to anti-matter. However the particles to inject into the casing + emitters is expensive. As such the weapon that launches the orbs of death are expensive in return. 

Like it's larger cousins, this launcher proves your wealth. Despite it's significant loss in damage output and cost, the price is eyewatering for any captain. The damage reduction is about 40% of the original launcher's output. This is due to the reduced amount of neutrino's available to inject into the casing launched. ",,,,,,,
,,,,,,,,,
exotic_particle_emitter,WEAPON,"The Coalition Research station, still in R&D with nadion particles, wanted to create  phaser. Each attempt resulted in deaths of thousands of assitants in the research. To stabilize the particle stream, it was decided to use a heavy does of neutrino particles while forcing the nadion particles through a focusing crystal. The result was a weapon weaker than a phaser and frankly not as versatile. In fact, the nadion's detected in the beam stream was about 10% to the neutrino particle's 90%. Still, with the 'success' of making their own 'phaser', the research station decided to market their weapon, charging exorbiant values for thei supposed nadion beam weapon, despite it being only a small portion of the beam. The fad of using nadion techologies has caused captain's to spend more than a pretty penny to get ahold of the Coalition's weapons.",,,,,,,
exotic_particle_emitterM,WEAPON,"The Coalition Research station, still in R&D with nadion particles, wanted to create  phaser. Each attempt resulted in deaths of thousands of assitants in the research. To stabilize the particle stream, it was decided to use a heavy does of neutrino particles while forcing the nadion particles through a focusing crystal. The result was a weapon weaker than a phaser and frankly not as versatile. In fact, the nadion's detected in the beam stream was about 10% to the neutrino particle's 90%. Still, with the 'success' of making their own 'phaser', the research station decided to market their weapon, charging exorbiant values for thei supposed nadion beam weapon, despite it being only a small portion of the beam. The fad of using nadion techologies has caused captain's to spend more than a pretty penny to get ahold of the Coalition's weapons.

If you want to save a little money, this can be installed on your ship. However, this scaled down weapon has a slightly less damage output to the full potential version. The price is still eyewatering ...",,,,,,,
exotic_particle_emitterS,WEAPON,"The Coalition Research station, still in R&D with nadion particles, wanted to create  phaser. Each attempt resulted in deaths of thousands of assitants in the research. To stabilize the particle stream, it was decided to use a heavy does of neutrino particles while forcing the nadion particles through a focusing crystal. The result was a weapon weaker than a phaser and frankly not as versatile. In fact, the nadion's detected in the beam stream was about 10% to the neutrino particle's 90%. Still, with the 'success' of making their own 'phaser', the research station decided to market their weapon, charging exorbiant values for thei supposed nadion beam weapon, despite it being only a small portion of the beam. The fad of using nadion techologies has caused captain's to spend more than a pretty penny to get ahold of the Coalition's weapons.

For the economic captain with a small ship. Yes, even you can have this revolutionary weapon. It will only cost you a few credits ... well maybe a few thousand more than a few credits. ",,,,,,,
,,,,,,,,,
paragon_monarch,SHIP,"The pinnacle of the Domain's battleship designs, though perhaps less the result of military necessity and more of the ambitions of certain senior strategic staff of the Domain Navy - with considerable backing from the Tri-Tachyon corporation, among other major contractors.

No ship can outlast or outgun the Paragon-class, a true Leviathan of a bygone epoch.",,,,,,,
